Person Number,Sex,Race,Age,Undergraduate School Name,Undergraduate GPA,Undergraduate Major,Graduate School Name,Graduate GPA,Graduate Major,Activity1,Activity2,Activity3,Activity4,Activity5,Activity6,Activity7,Skill1,Skill2,Skill3,Skill4,Skill5,Is Employed
0,1,5,35,15,3.6,4,15,3.6,4,1,4,24,14,18,17,20,14,2,3,8,6,1
1,1,0,32,13,3.6,1,13,3.6,1,4,5,26,24,15,18,27,17,16,15,13,4,1
2,1,5,24,11,3.5,3,11,3.5,3,3,2,25,19,16,23,0,10,17,11,5,0,1
3,1,4,24,23,3.2,2,23,3.2,2,4,2,23,22,15,26,0,6,12,8,10,0,1
4,1,1,34,12,3.3,5,12,3.3,5,6,1,21,18,15,16,0,9,13,2,1,0,1
5,1,5,23,9,3.5,3,9,3.5,3,5,3,24,26,27,18,22,4,13,15,10,14,1
6,1,4,25,11,3.5,2,11,3.5,2,3,6,19,22,16,14,26,2,11,3,8,10,1
7,1,5,39,5,3.7,4,5,3.7,4,5,3,23,25,22,27,26,7,4,5,17,14,1
8,1,5,30,13,3.5,5,13,3.5,5,3,1,16,20,27,18,14,5,7,6,11,16,1
9,1,4,33,21,3.3,2,21,3.3,2,5,4,15,21,25,19,0,15,2,5,11,0,1
10,1,3,37,29,3.3,6,29,3.3,6,4,1,19,21,22,14,0,14,15,5,9,0,1
11,1,0,35,29,3.2,2,29,3.2,2,2,5,23,22,21,24,0,14,6,11,15,0,1
12,1,0,24,21,3.3,5,21,3.3,5,4,1,17,23,26,27,0,15,7,2,3,0,1
13,1,5,23,9,3.7,6,9,3.7,6,1,6,23,27,26,18,22,13,15,12,16,10,1
14,1,4,28,13,3.4,1,13,3.4,1,6,3,17,22,19,25,0,14,10,15,7,0,1
15,1,4,35,11,3.7,3,11,3.7,3,6,4,25,17,24,16,27,16,7,2,17,11,1
16,1,2,28,28,3.4,4,28,3.4,4,1,6,15,22,27,20,0,4,9,5,1,0,1
17,1,5,28,10,3.7,1,10,3.7,1,6,2,20,27,23,15,24,2,11,9,1,6,1
18,1,1,32,29,3.5,2,29,3.5,2,5,1,26,23,21,17,0,9,1,3,13,0,1
19,1,5,30,22,3.5,3,22,3.5,3,6,1,24,14,16,22,0,3,6,4,10,0,1
20,1,3,38,13,3.5,1,13,3.5,1,2,6,25,24,14,22,15,10,9,17,6,15,1
21,1,5,22,12,3.6,3,12,3.6,3,1,5,17,18,25,26,14,10,15,16,6,11,1
22,1,0,30,24,3.3,4,24,3.3,4,5,6,25,14,18,26,0,8,7,4,2,0,1
23,1,0,24,3,3.7,4,3,3.7,4,1,2,22,18,26,14,16,4,15,5,7,9,1
24,1,5,37,8,3.7,1,8,3.7,1,1,3,21,25,26,17,16,17,3,15,10,1,1
25,1,4,39,23,3.3,4,23,3.3,4,6,5,26,14,24,23,0,1,2,9,6,0,1
26,1,1,27,10,3.5,2,10,3.5,2,2,3,18,21,17,16,0,9,6,13,15,0,1
27,1,4,26,17,3.4,6,17,3.4,6,6,3,25,22,17,16,0,10,1,17,13,0,1
28,1,1,27,7,3.5,3,7,3.5,3,1,5,20,26,24,17,14,10,4,16,9,12,1
29,1,5,31,18,3.7,1,18,3.7,1,5,1,23,27,20,16,19,6,16,17,4,8,1
30,1,5,22,18,3.4,1,18,3.4,1,4,1,22,24,19,14,0,6,11,17,1,0,1
31,1,5,22,6,3.7,6,6,3.7,6,3,6,19,24,18,23,15,8,16,12,7,10,1
32,1,3,22,15,3.7,6,15,3.7,6,3,1,25,20,16,17,27,5,14,16,6,8,1
33,1,5,36,26,3.4,1,26,3.4,1,6,5,27,25,19,14,0,11,15,10,2,0,1
34,1,5,38,18,3.7,5,18,3.7,5,3,5,19,21,26,17,20,7,2,12,1,5,1
35,1,1,28,23,3.3,4,23,3.3,4,4,1,25,15,24,21,0,13,8,11,16,0,1
36,1,3,25,13,3.6,1,13,3.6,1,6,1,18,26,19,23,25,9,11,17,8,16,1
37,1,0,37,19,3.6,5,19,3.6,5,4,5,27,17,24,19,14,3,13,1,5,6,1
38,1,5,37,5,3.7,6,5,3.7,6,1,5,25,15,18,26,23,11,17,3,15,8,1
39,1,1,26,16,3.2,5,16,3.2,5,2,1,24,22,23,19,0,7,9,5,17,0,1
40,1,3,30,15,3.7,6,15,3.7,6,1,5,19,16,20,21,14,15,1,2,14,11,1
41,1,4,23,10,3.5,6,10,3.5,6,5,6,26,22,17,23,0,11,17,7,3,0,1
42,1,0,39,13,3.3,3,13,3.3,3,4,3,20,16,23,17,0,11,6,14,9,0,1
43,1,5,39,18,3.7,1,18,3.7,1,1,6,27,23,25,20,15,2,16,17,7,9,1
44,1,1,38,12,3.5,5,12,3.5,5,2,4,18,24,20,17,0,7,17,10,4,0,1
45,1,3,22,16,3.7,6,16,3.7,6,2,4,25,24,15,19,22,6,5,12,17,7,1
46,1,3,26,5,3.7,1,5,3.7,1,3,5,25,17,15,23,22,14,12,3,11,6,1
47,1,3,31,4,3.6,1,4,3.6,1,3,6,26,18,24,15,21,15,10,8,11,4,1
48,1,2,30,12,3.6,6,12,3.6,6,6,1,24,25,16,19,20,7,3,8,4,10,1
49,1,2,26,8,3.7,6,8,3.7,6,3,4,20,16,18,23,21,10,14,11,3,8,1
50,1,0,32,20,3.2,5,20,3.2,5,4,6,27,17,23,14,0,11,4,9,6,0,1
51,1,4,35,7,3.7,2,7,3.7,2,6,3,24,22,23,14,20,7,17,10,8,5,1
52,1,5,22,11,3.4,1,11,3.4,1,3,2,15,21,18,20,0,9,3,8,15,0,1
53,1,0,38,13,3.7,2,13,3.7,2,6,2,16,14,23,25,24,5,11,7,1,6,1
54,1,1,22,13,3.5,3,13,3.5,3,1,5,24,25,15,22,23,3,15,2,13,7,1
55,1,0,31,15,3.4,3,15,3.4,3,1,6,25,17,21,18,0,11,4,7,12,0,1
56,1,0,39,20,3.4,2,20,3.4,2,6,3,14,24,19,18,0,7,11,8,9,0,1
57,1,2,38,22,3.5,3,22,3.5,3,4,2,18,26,22,25,0,1,16,12,17,0,1
58,1,2,34,19,3.2,4,19,3.2,4,2,4,16,17,26,23,0,15,1,4,3,0,1
59,1,4,23,13,3.6,4,13,3.6,4,5,6,26,24,17,22,23,4,9,13,11,12,1
60,1,3,28,13,3.5,3,13,3.5,3,5,6,19,22,25,20,0,5,13,12,6,0,1
61,1,3,23,5,3.5,4,5,3.5,4,2,3,17,15,18,26,25,3,4,13,2,14,1
62,1,2,31,28,3.4,4,28,3.4,4,4,5,27,24,17,20,0,8,6,13,4,0,1
63,1,5,26,28,3.2,3,28,3.2,3,6,2,22,18,21,14,0,14,7,2,4,0,1
64,1,1,24,17,3.5,4,17,3.5,4,2,4,22,20,26,24,0,12,16,11,3,0,1
65,1,1,22,6,3.5,4,6,3.5,4,5,4,23,15,24,25,19,14,17,9,10,5,1
66,1,4,39,5,3.5,4,5,3.5,4,6,1,25,22,26,15,18,7,11,1,16,8,1
67,1,2,25,25,3.4,2,25,3.4,2,5,1,17,23,18,19,0,7,15,5,13,0,1
68,1,0,36,1,3.6,5,1,3.6,5,6,2,22,17,14,16,26,6,3,14,7,17,1
69,1,5,39,15,3.7,1,15,3.7,1,3,4,20,19,26,15,14,14,4,15,16,11,1
70,1,0,37,5,3.6,1,5,3.6,1,5,1,23,17,19,24,27,2,8,9,1,15,1
71,1,5,29,17,3.2,4,17,3.2,4,3,4,19,27,22,16,0,15,16,3,6,0,1
72,1,3,26,7,3.5,4,7,3.5,4,5,4,22,14,16,18,26,7,12,17,11,16,1
73,1,2,38,14,3.4,6,14,3.4,6,3,2,15,19,24,27,0,15,6,13,14,0,1
74,1,1,22,5,3.5,6,5,3.5,6,4,1,26,18,14,24,27,12,4,10,11,16,1
75,1,5,23,19,3.5,5,19,3.5,5,5,2,26,17,19,27,0,3,15,16,8,0,1
76,1,5,31,6,3.5,4,6,3.5,4,4,6,20,21,25,18,17,8,6,3,7,17,1
77,1,2,27,19,3.3,6,19,3.3,6,6,3,25,24,18,22,0,17,10,7,6,0,1
78,1,0,22,19,3.7,5,19,3.7,5,4,6,19,17,14,15,25,6,5,16,8,12,1
79,1,1,33,16,3.2,4,16,3.2,4,2,1,26,23,24,25,0,13,4,7,16,0,1
80,1,3,31,14,3.2,4,14,3.2,4,5,2,17,18,20,21,0,15,11,7,4,0,1
81,1,1,36,9,3.5,5,9,3.5,5,5,6,15,21,17,24,22,9,10,1,17,12,1
82,1,3,23,7,3.5,2,7,3.5,2,6,3,24,26,27,14,16,13,2,7,4,12,1
83,1,2,30,23,3.3,3,23,3.3,3,6,1,18,16,17,20,0,17,15,11,10,0,1
84,1,0,26,16,3.6,5,16,3.6,5,6,1,17,26,24,20,22,6,13,15,9,8,1
85,1,2,26,15,3.5,2,15,3.5,2,6,1,21,23,14,27,25,4,8,1,11,6,1
86,1,0,24,24,3.4,3,24,3.4,3,5,6,23,26,17,27,0,7,10,1,3,0,1
87,1,5,35,4,3.5,6,4,3.5,6,6,4,14,16,18,24,26,16,3,8,10,7,1
88,1,2,38,10,3.2,4,10,3.2,4,2,3,26,20,15,17,0,16,6,5,8,0,1
89,1,4,35,7,3.7,4,7,3.7,4,1,3,14,20,18,17,21,3,6,13,5,8,1
90,1,2,35,17,3.5,4,17,3.5,4,6,2,20,24,14,26,16,4,3,11,15,10,1
91,1,1,36,29,3.2,3,29,3.2,3,3,2,16,26,19,15,0,6,14,1,7,0,1
92,1,5,36,20,3.2,6,20,3.2,6,2,5,23,24,19,21,0,5,17,6,10,0,1
93,1,1,33,23,3.4,4,23,3.4,4,6,5,22,23,19,14,0,6,3,7,10,0,1
94,1,1,37,3,3.6,6,3,3.6,6,6,3,19,22,26,25,20,9,2,14,10,4,1
95,1,4,28,18,3.7,6,18,3.7,6,1,4,14,15,27,21,22,15,11,6,7,16,1
96,1,1,29,3,3.6,6,3,3.6,6,4,6,24,19,21,25,14,11,2,1,13,14,1
97,1,5,34,10,3.6,3,10,3.6,3,4,3,25,18,15,16,23,1,14,7,16,12,1
98,1,0,28,3,3.6,6,3,3.6,6,2,3,14,27,17,21,23,7,4,13,16,17,1
99,1,3,32,15,3.7,1,15,3.7,1,3,4,15,27,19,24,17,5,15,16,2,10,1
100,1,2,25,10,3.5,2,10,3.5,2,3,6,16,18,24,19,0,14,1,5,16,0,1
101,1,3,31,21,3.2,1,21,3.2,1,6,2,22,16,20,27,0,3,2,14,17,0,1
102,1,4,35,21,3.2,6,21,3.2,6,3,2,21,15,22,26,0,5,2,4,13,0,1
103,1,5,24,13,3.7,1,13,3.7,1,1,3,27,23,20,24,18,2,14,12,10,15,1
104,1,4,34,19,3.5,1,19,3.5,1,6,4,20,25,15,22,23,10,15,14,9,11,1
105,1,1,32,10,3.5,1,10,3.5,1,3,5,25,26,21,20,24,6,2,11,5,16,1
106,1,0,36,22,3.2,3,22,3.2,3,6,4,26,23,25,27,0,15,6,17,8,0,1
107,1,2,36,10,3.4,3,10,3.4,3,6,5,24,14,18,22,0,4,2,14,13,0,1
108,1,4,31,5,3.7,6,5,3.7,6,1,6,16,20,14,18,23,2,11,14,13,7,1
109,1,5,27,24,3.2,4,24,3.2,4,1,4,19,27,15,23,0,16,8,13,9,0,1
110,1,0,26,16,3.5,2,16,3.5,2,2,4,15,24,19,16,22,8,2,7,6,9,1
111,1,1,24,14,3.2,2,14,3.2,2,6,5,21,26,17,27,0,2,3,5,11,0,1
112,1,2,35,4,3.6,4,4,3.6,4,4,2,21,27,17,24,23,15,5,12,4,10,1
113,1,1,30,7,3.6,2,7,3.6,2,6,5,15,19,14,20,25,8,13,10,14,2,1
114,1,5,39,12,3.7,6,12,3.7,6,6,4,14,21,26,20,22,3,15,8,5,6,1
115,1,2,33,11,3.7,2,11,3.7,2,4,6,20,15,27,16,24,15,13,2,11,3,1
116,1,2,38,13,3.6,2,13,3.6,2,5,4,24,27,26,25,21,4,17,3,16,9,1
117,1,2,30,27,3.5,2,27,3.5,2,6,2,27,21,24,15,0,17,5,14,13,0,1
118,1,4,28,6,3.6,1,6,3.6,1,4,2,26,15,18,16,21,6,3,13,14,12,1
119,1,5,35,9,3.6,2,9,3.6,2,1,4,19,14,17,15,27,1,14,9,12,10,1
120,1,3,38,12,3.7,6,12,3.7,6,2,4,20,27,26,21,19,3,12,8,16,14,1
121,1,3,33,10,3.6,4,10,3.6,4,2,3,14,23,22,27,20,2,11,3,12,6,1
122,1,2,33,3,3.7,4,3,3.7,4,3,6,19,25,23,16,14,13,12,1,2,16,1
123,1,3,33,24,3.4,4,24,3.4,4,3,4,17,18,24,26,0,10,14,9,5,0,1
124,1,3,25,25,3.3,1,25,3.3,1,4,6,19,22,14,25,0,8,14,5,4,0,1
125,1,5,22,17,3.3,3,17,3.3,3,4,1,17,14,27,23,0,10,16,9,15,0,1
126,1,5,32,18,3.5,6,18,3.5,6,5,3,26,14,20,16,0,9,4,1,15,0,1
127,1,1,31,6,3.7,3,6,3.7,3,5,1,17,27,15,14,16,3,14,13,15,1,1
128,1,3,34,3,3.6,6,3,3.6,6,2,1,26,14,18,22,19,6,14,4,2,16,1
129,1,3,38,9,3.6,1,9,3.6,1,4,3,18,14,24,26,22,10,7,11,9,12,1
130,1,0,31,3,3.5,3,3,3.5,3,3,2,26,14,17,16,22,13,2,16,17,12,1
131,1,2,22,20,3.5,4,20,3.5,4,1,4,18,19,15,16,0,12,5,13,15,0,1
132,1,0,23,10,3.4,6,10,3.4,6,2,6,25,17,15,14,0,7,16,12,9,0,1
133,1,1,26,23,3.4,2,23,3.4,2,1,3,19,24,26,23,0,14,16,4,5,0,1
134,1,3,28,9,3.5,2,9,3.5,2,1,6,19,25,18,16,21,9,2,4,15,12,1
135,1,2,33,15,3.7,4,15,3.7,4,5,3,27,20,26,15,21,13,7,17,15,12,1
136,1,2,28,14,3.4,5,14,3.4,5,5,1,23,25,27,18,0,5,2,6,4,0,1
137,1,3,32,25,3.3,1,25,3.3,1,3,5,24,22,27,14,0,10,16,5,17,0,1
138,1,4,27,1,3.5,3,1,3.5,3,2,5,27,26,23,20,24,2,4,10,17,1,1
139,1,3,33,6,3.6,5,6,3.6,5,2,4,23,26,17,16,14,1,2,9,10,14,1
140,1,5,24,15,3.7,6,15,3.7,6,3,6,14,17,15,25,23,9,3,14,16,8,1
141,1,1,31,10,3.5,1,10,3.5,1,1,4,15,22,26,17,0,15,6,4,16,0,1
142,1,4,24,4,3.5,4,4,3.5,4,4,2,27,15,14,19,22,3,6,11,1,8,1
143,1,4,32,11,3.4,4,11,3.4,4,3,6,19,23,14,21,0,12,1,15,10,0,1
144,1,2,38,14,3.6,2,14,3.6,2,3,1,20,22,16,23,27,6,11,12,4,5,1
145,1,1,31,11,3.7,5,11,3.7,5,4,6,15,20,22,26,17,3,12,13,8,10,1
146,1,3,34,5,3.6,5,5,3.6,5,5,1,20,19,15,26,27,8,6,4,2,7,1
147,1,0,30,22,3.5,5,22,3.5,5,2,5,17,18,20,23,0,8,6,4,3,0,1
148,1,0,37,16,3.6,4,16,3.6,4,5,1,26,16,24,17,18,2,9,7,6,1,1
149,1,4,28,28,3.5,6,28,3.5,6,2,6,27,19,23,14,0,13,4,2,10,0,1
150,1,5,22,9,3.7,3,9,3.7,3,5,3,23,27,20,25,26,8,12,9,5,7,1
151,1,4,32,12,3.7,3,12,3.7,3,4,3,14,25,17,26,15,1,14,3,11,6,1
152,1,5,39,20,3.2,6,20,3.2,6,5,3,21,25,26,24,0,11,6,7,3,0,1
153,1,0,34,27,3.5,5,27,3.5,5,4,6,27,23,24,17,0,16,9,5,14,0,1
154,1,0,24,29,3.4,3,29,3.4,3,6,1,27,25,14,26,0,7,13,15,11,0,1
155,1,2,34,12,3.5,5,12,3.5,5,2,4,23,14,25,24,0,16,15,14,2,0,1
156,1,4,27,8,3.5,1,8,3.5,1,6,4,14,15,23,27,20,4,9,1,8,7,1
157,1,1,32,18,3.5,6,18,3.5,6,3,1,21,17,23,26,0,14,8,5,7,0,1
158,1,5,33,12,3.3,6,12,3.3,6,3,5,23,22,24,20,0,8,5,11,13,0,1
159,1,3,38,17,3.6,2,17,3.6,2,2,6,19,26,17,23,22,2,3,6,15,17,1
160,1,5,27,14,3.5,1,14,3.5,1,5,2,27,26,25,15,21,4,1,11,16,10,1
161,1,1,24,27,3.5,1,27,3.5,1,4,3,17,26,14,16,0,16,5,17,4,0,1
162,1,1,38,8,3.6,1,8,3.6,1,5,1,16,24,20,21,14,10,7,14,2,15,1
163,1,4,35,15,3.7,1,15,3.7,1,2,4,14,22,24,23,18,9,1,5,15,10,1
164,1,1,23,28,3.4,3,28,3.4,3,6,1,22,27,19,17,0,16,1,13,15,0,1
165,1,1,38,3,3.6,5,3,3.6,5,6,2,14,26,18,27,15,16,3,9,12,4,1
166,1,0,29,13,3.7,4,13,3.7,4,2,5,14,21,27,19,18,13,1,5,14,2,1
167,1,1,38,29,3.2,5,29,3.2,5,6,1,24,19,14,16,0,5,4,11,1,0,1
168,1,0,29,4,3.5,3,4,3.5,3,2,4,14,19,25,21,17,12,14,9,8,5,1
169,1,3,37,7,3.6,2,7,3.6,2,2,5,19,23,18,14,27,10,13,9,8,1,1
170,1,3,33,28,3.3,2,28,3.3,2,6,1,16,22,19,20,0,1,11,5,6,0,1
171,1,3,22,26,3.3,4,26,3.3,4,4,1,20,17,19,26,0,17,5,12,8,0,1
172,1,4,25,23,3.4,4,23,3.4,4,5,6,19,15,25,26,0,16,4,9,11,0,1
173,1,5,29,24,3.3,5,24,3.3,5,1,6,26,17,24,25,0,4,15,8,1,0,1
174,1,1,22,12,3.6,3,12,3.6,3,6,2,22,21,15,24,25,15,12,11,14,2,1
175,1,1,39,29,3.4,3,29,3.4,3,4,6,21,25,19,26,0,6,9,1,4,0,1
176,1,0,26,14,3.3,4,14,3.3,4,3,6,14,17,23,15,0,9,10,8,2,0,1
177,1,2,31,5,3.5,3,5,3.5,3,1,2,19,25,21,26,18,14,1,2,9,15,1
178,1,2,30,9,3.6,2,9,3.6,2,2,5,14,20,24,23,25,13,9,6,8,11,1
179,1,1,32,4,3.7,5,4,3.7,5,3,4,14,27,19,17,18,3,10,13,17,9,1
180,1,1,30,17,3.4,5,17,3.4,5,6,3,16,18,25,15,0,1,10,3,8,0,1
181,1,4,27,15,3.6,2,15,3.6,2,4,6,21,20,23,14,26,7,17,16,4,15,1
182,1,2,23,16,3.2,2,16,3.2,2,1,3,19,26,24,21,0,13,4,5,6,0,1
183,1,0,35,18,3.5,1,18,3.5,1,1,5,16,23,22,14,0,4,6,13,1,0,1
184,1,4,29,15,3.4,2,15,3.4,2,4,6,18,21,14,19,0,8,17,14,10,0,1
185,1,5,25,3,3.6,6,3,3.6,6,1,5,27,20,26,22,17,8,11,6,15,9,1
186,1,0,29,20,3.2,2,20,3.2,2,1,5,20,14,16,15,0,6,12,4,16,0,1
187,1,4,25,16,3.4,5,16,3.4,5,1,3,16,26,21,22,0,12,14,7,9,0,1
188,1,3,31,15,3.7,3,15,3.7,3,2,4,22,16,25,26,14,6,8,12,16,11,1
189,1,0,27,14,3.2,6,14,3.2,6,1,3,20,27,15,18,0,9,15,16,12,0,1
190,1,4,35,7,3.7,4,7,3.7,4,6,1,14,18,23,25,20,4,8,10,2,17,1
191,1,3,26,20,3.4,5,20,3.4,5,1,5,16,23,17,25,0,10,11,7,4,0,1
192,1,1,38,16,3.3,3,16,3.3,3,3,6,26,16,18,14,0,4,7,10,15,0,1
193,1,1,27,15,3.7,3,15,3.7,3,4,2,20,14,18,21,22,13,2,5,7,8,1
194,1,5,32,17,3.6,6,17,3.6,6,6,3,22,18,25,20,24,4,1,8,13,6,1
195,1,1,27,21,3.4,1,21,3.4,1,4,3,18,20,27,15,0,14,2,11,1,0,1
196,1,1,38,28,3.5,5,28,3.5,5,3,5,18,15,19,21,0,12,1,2,15,0,1
197,1,5,33,12,3.6,3,12,3.6,3,5,4,20,25,16,22,24,1,14,2,12,8,1
198,1,2,23,21,3.4,6,21,3.4,6,2,3,18,27,16,14,0,11,12,3,2,0,1
199,1,2,32,17,3.6,6,17,3.6,6,4,3,17,22,14,16,20,16,10,4,17,2,1
200,1,1,31,1,3.5,4,1,3.5,4,1,2,26,14,24,21,27,3,9,15,2,1,1
201,1,3,31,19,3.5,4,19,3.5,4,1,2,18,20,22,21,0,16,10,9,7,0,1
202,1,4,28,20,3.3,1,20,3.3,1,4,3,17,19,22,26,0,17,10,11,14,0,1
203,1,1,29,4,3.7,5,4,3.7,5,2,5,20,27,18,25,26,14,1,6,15,8,1
204,1,3,25,3,3.7,5,3,3.7,5,5,2,14,21,24,22,19,2,7,5,11,16,1
205,1,0,29,27,3.4,4,27,3.4,4,5,4,15,14,26,21,0,4,11,9,1,0,1
206,1,0,34,17,3.5,4,17,3.5,4,5,3,16,20,27,15,21,12,14,4,15,5,1
207,1,2,23,18,3.6,5,18,3.6,5,5,3,25,15,26,21,16,7,3,16,17,6,1
208,1,3,26,17,3.5,2,17,3.5,2,2,6,24,19,18,23,0,2,17,7,6,0,1
209,1,4,38,22,3.3,4,22,3.3,4,1,5,17,20,24,14,0,12,8,10,5,0,1
210,1,1,24,13,3.3,5,13,3.3,5,5,1,14,21,24,17,0,5,17,13,1,0,1
211,1,2,30,22,3.4,5,22,3.4,5,3,4,26,22,27,15,0,11,6,17,8,0,1
212,1,3,25,26,3.3,3,26,3.3,3,6,3,17,14,20,24,0,9,7,3,17,0,1
213,1,0,32,11,3.4,6,11,3.4,6,2,3,19,23,14,25,0,3,16,5,8,0,1
214,1,4,25,3,3.7,5,3,3.7,5,1,4,22,17,25,23,26,13,10,15,4,9,1
215,1,2,31,19,3.6,1,19,3.6,1,2,1,23,22,21,16,25,15,1,12,16,14,1
216,1,5,23,28,3.4,4,28,3.4,4,2,4,21,26,27,17,0,9,2,11,7,0,1
217,1,3,34,27,3.3,4,27,3.3,4,4,1,20,19,22,15,0,1,8,7,13,0,1
218,1,5,30,12,3.4,1,12,3.4,1,2,4,20,18,16,22,0,14,10,16,3,0,1
219,1,1,29,12,3.4,6,12,3.4,6,2,5,22,27,23,21,0,6,15,13,1,0,1
220,1,2,28,8,3.7,2,8,3.7,2,1,3,21,26,20,14,25,6,17,10,12,8,1
221,1,5,24,23,3.3,5,23,3.3,5,2,4,27,26,19,25,0,7,2,11,9,0,1
222,1,2,37,10,3.7,3,10,3.7,3,1,6,25,27,19,14,17,10,8,2,16,17,1
223,1,3,24,5,3.5,2,5,3.5,2,3,4,23,18,22,16,15,13,1,11,14,3,1
224,1,3,29,20,3.2,4,20,3.2,4,1,6,26,23,15,19,0,14,8,11,13,0,1
225,1,2,37,27,3.3,2,27,3.3,2,5,3,23,27,17,21,0,6,13,3,2,0,1
226,1,0,36,25,3.3,4,25,3.3,4,2,6,19,26,24,23,0,12,7,5,15,0,1
227,1,3,25,13,3.3,3,13,3.3,3,4,6,26,22,21,14,0,16,12,10,5,0,1
228,1,3,26,19,3.4,6,19,3.4,6,5,2,23,27,25,21,0,17,2,5,9,0,1
229,1,5,31,9,3.5,1,9,3.5,1,4,5,27,15,20,14,17,15,13,17,5,9,1
230,1,1,26,21,3.2,2,21,3.2,2,5,2,22,15,23,25,0,2,3,6,14,0,1
231,1,2,28,14,3.4,3,14,3.4,3,4,5,19,17,23,15,0,15,12,7,2,0,1
232,1,2,37,13,3.3,6,13,3.3,6,3,1,20,17,27,26,0,4,13,14,3,0,1
233,1,4,36,3,3.7,1,3,3.7,1,1,5,19,27,26,16,25,14,17,16,9,6,1
234,1,0,26,11,3.2,6,11,3.2,6,3,1,19,21,20,26,0,17,6,8,15,0,1
235,1,1,30,11,3.6,4,11,3.6,4,2,5,25,21,16,27,26,10,17,12,15,11,1
236,1,2,38,11,3.5,6,11,3.5,6,3,5,16,14,26,17,20,3,13,7,10,15,1
237,1,1,37,8,3.6,4,8,3.6,4,5,2,20,24,25,15,16,9,10,7,6,13,1
238,1,0,26,15,3.7,6,15,3.7,6,1,3,14,24,26,23,17,17,1,9,14,3,1
239,1,0,32,3,3.7,2,3,3.7,2,5,4,21,15,18,26,17,17,10,5,16,2,1
240,1,4,28,13,3.7,3,13,3.7,3,4,3,22,18,24,16,19,2,11,12,17,14,1
241,1,4,38,8,3.5,4,8,3.5,4,3,4,16,26,19,23,27,8,15,9,14,6,1
242,1,4,26,24,3.5,3,24,3.5,3,1,3,20,22,26,27,0,17,7,9,6,0,1
243,1,4,35,14,3.3,1,14,3.3,1,1,4,25,24,16,22,0,13,1,11,10,0,1
244,1,2,31,3,3.7,2,3,3.7,2,6,2,26,22,23,27,15,3,12,7,4,17,1
245,1,2,32,24,3.3,2,24,3.3,2,1,2,17,15,21,25,0,8,12,13,17,0,1
246,1,4,29,9,3.7,2,9,3.7,2,1,5,20,21,23,22,24,11,6,16,14,13,1
247,1,3,24,10,3.5,5,10,3.5,5,3,1,15,24,23,18,0,9,7,10,14,0,1
248,1,4,23,2,3.7,6,2,3.7,6,2,5,22,21,19,14,15,4,8,1,13,9,1
249,1,5,22,11,3.6,2,11,3.6,2,6,4,20,15,21,24,23,11,14,4,5,7,1
250,2,4,22,4,3.5,6,4,3.5,6,11,7,22,26,16,27,24,7,5,16,13,17,1
251,2,4,34,5,3.7,1,5,3.7,1,10,11,14,15,23,18,24,16,13,15,7,10,1
252,2,3,50,22,3.3,5,22,3.3,5,8,9,18,22,27,17,0,13,11,2,15,0,1
253,2,2,40,22,3.4,4,22,3.4,4,12,11,20,21,17,23,0,1,9,12,6,0,1
254,2,2,47,29,3.2,6,29,3.2,6,10,7,26,24,18,16,0,6,11,13,1,0,1
255,2,4,34,21,3.5,2,21,3.5,2,11,12,21,23,17,19,0,2,4,3,5,0,1
256,2,3,52,24,3.3,2,24,3.3,2,13,7,16,24,25,23,0,7,13,10,15,0,1
257,2,3,34,17,3.5,1,17,3.5,1,12,13,14,21,20,24,0,2,17,10,6,0,1
258,2,2,41,10,3.4,5,10,3.4,5,12,8,22,18,26,25,0,11,13,10,7,0,1
259,2,1,51,5,3.6,2,5,3.6,2,9,10,25,15,24,22,14,3,4,6,16,9,1
260,2,3,33,21,3.3,3,21,3.3,3,13,11,18,17,19,27,0,7,11,8,12,0,1
261,2,5,49,14,3.3,5,14,3.3,5,7,12,16,25,22,21,0,2,3,10,17,0,1
262,2,5,22,19,3.6,6,19,3.6,6,10,7,18,21,27,23,22,2,10,11,13,5,1
263,2,3,51,6,3.5,6,6,3.5,6,7,10,23,18,16,27,22,15,3,17,13,16,1
264,2,3,36,6,3.7,3,6,3.7,3,13,11,14,27,22,15,25,7,17,1,11,10,1
265,2,2,43,19,3.3,2,19,3.3,2,12,10,21,22,16,19,0,12,1,13,10,0,1
266,2,5,52,10,3.6,4,10,3.6,4,12,7,18,19,24,17,27,13,3,1,17,7,1
267,2,1,64,10,3.7,3,10,3.7,3,10,11,21,17,25,14,20,2,3,1,9,6,1
268,2,0,48,3,3.6,1,3,3.6,1,12,7,24,16,23,17,21,10,3,11,17,2,1
269,2,1,31,5,3.7,4,5,3.7,4,7,10,22,17,23,24,16,7,10,16,8,13,1
270,2,3,41,11,3.6,5,11,3.6,5,9,10,20,26,23,16,21,4,14,11,10,1,1
271,2,2,30,19,3.7,4,19,3.7,4,12,9,14,21,18,25,23,17,13,12,4,9,1
272,2,5,35,11,3.4,1,11,3.4,1,12,8,25,22,14,24,0,2,11,15,4,0,1
273,2,3,40,29,3.3,4,29,3.3,4,10,11,17,20,14,16,0,3,11,6,15,0,1
274,2,5,31,27,3.5,4,27,3.5,4,11,10,26,27,16,15,0,17,3,8,14,0,1
275,2,0,57,2,3.6,6,2,3.6,6,11,9,21,24,27,18,23,10,13,9,1,11,1
276,2,1,44,14,3.6,2,14,3.6,2,9,12,14,23,21,16,20,12,6,10,7,8,1
277,2,4,27,5,3.7,6,5,3.7,6,13,9,14,15,26,25,17,11,5,17,8,7,1
278,2,5,44,12,3.4,4,12,3.4,4,11,8,16,25,23,22,0,11,10,17,15,0,1
279,2,5,54,14,3.5,1,14,3.5,1,13,9,27,15,17,16,19,13,12,6,8,7,1
280,2,4,37,13,3.5,1,13,3.5,1,7,9,20,15,21,25,19,5,1,3,12,13,1
281,2,0,33,4,3.7,3,4,3.7,3,7,11,21,20,26,14,18,13,10,11,7,17,1
282,2,4,51,28,3.5,6,28,3.5,6,9,8,18,23,22,24,0,9,6,13,3,0,1
283,2,4,58,29,3.3,1,29,3.3,1,10,9,18,22,19,14,0,3,15,10,12,0,1
284,2,5,64,20,3.4,6,20,3.4,6,10,9,27,18,25,21,0,6,15,10,12,0,1
285,2,2,45,14,3.5,3,14,3.5,3,13,12,24,27,21,14,0,2,10,14,17,0,1
286,2,5,51,13,3.5,2,13,3.5,2,12,9,21,20,16,25,27,14,9,3,2,1,1
287,2,1,57,26,3.4,1,26,3.4,1,8,7,27,18,21,17,0,6,14,5,7,0,1
288,2,4,30,10,3.5,1,10,3.5,1,7,11,16,27,25,22,26,9,10,14,17,2,1
289,2,4,36,5,3.6,5,5,3.6,5,9,13,21,18,22,25,15,12,2,13,5,7,1
290,2,1,52,10,3.7,1,10,3.7,1,7,13,20,18,25,17,22,9,13,10,16,1,1
291,2,5,32,11,3.5,1,11,3.5,1,7,9,21,14,20,23,22,16,8,10,9,7,1
292,2,1,63,13,3.3,2,13,3.3,2,11,10,24,20,16,23,0,15,4,17,7,0,1
293,2,1,42,19,3.3,5,19,3.3,5,7,13,23,20,26,25,0,14,8,6,12,0,1
294,2,3,37,3,3.6,2,3,3.6,2,7,13,22,27,20,14,15,15,8,4,3,6,1
295,2,3,63,6,3.5,3,6,3.5,3,7,9,19,20,22,14,27,4,16,5,12,15,1
296,2,0,62,11,3.7,2,11,3.7,2,11,8,19,16,23,21,24,9,6,7,4,11,1
297,2,5,43,8,3.6,4,8,3.6,4,11,7,14,18,27,25,17,12,10,3,14,6,1
298,2,4,42,7,3.6,2,7,3.6,2,13,11,23,17,18,25,19,14,4,7,16,12,1
299,2,3,27,27,3.2,2,27,3.2,2,12,9,19,22,26,20,0,2,16,17,12,0,1
300,2,5,61,14,3.7,5,14,3.7,5,12,11,15,21,23,17,25,13,17,2,6,11,1
301,2,3,32,10,3.3,6,10,3.3,6,8,11,25,14,27,23,0,13,10,5,2,0,1
302,2,1,23,17,3.6,2,17,3.6,2,13,8,19,15,25,16,26,1,5,3,4,10,1
303,2,3,38,7,3.5,3,7,3.5,3,11,10,26,22,19,15,17,14,15,2,8,17,1
304,2,1,34,29,3.5,6,29,3.5,6,13,12,26,19,25,27,0,14,16,8,3,0,1
305,2,4,61,27,3.4,1,27,3.4,1,8,11,19,17,16,14,0,11,12,13,2,0,1
306,2,1,51,11,3.7,3,11,3.7,3,8,13,27,15,19,22,16,8,1,16,14,10,1
307,2,0,26,23,3.4,3,23,3.4,3,13,11,14,25,21,23,0,5,2,3,8,0,1
308,2,4,25,27,3.5,2,27,3.5,2,9,10,15,16,19,22,0,14,15,3,8,0,1
309,2,0,29,20,3.5,4,20,3.5,4,9,10,27,17,26,21,0,14,1,9,11,0,1
310,2,3,40,29,3.4,6,29,3.4,6,8,10,20,18,27,22,0,4,3,5,2,0,1
311,2,3,42,3,3.5,1,3,3.5,1,10,7,15,24,20,18,27,6,7,10,8,14,1
312,2,5,45,25,3.3,4,25,3.3,4,12,13,14,15,19,23,0,10,7,9,16,0,1
313,2,3,25,19,3.5,2,19,3.5,2,12,13,25,15,23,26,0,13,14,9,8,0,1
314,2,4,61,18,3.7,5,18,3.7,5,11,7,20,15,14,25,22,2,12,17,9,14,1
315,2,3,61,26,3.2,2,26,3.2,2,8,10,19,14,22,21,0,4,15,1,17,0,1
316,2,4,59,18,3.5,2,18,3.5,2,7,10,17,21,15,26,14,9,11,6,8,14,1
317,2,5,26,27,3.4,3,27,3.4,3,10,7,21,23,16,15,0,1,10,16,15,0,1
318,2,5,50,10,3.7,4,10,3.7,4,11,13,14,22,24,17,19,9,3,17,7,16,1
319,2,5,52,15,3.5,3,15,3.5,3,13,8,15,27,14,16,0,10,9,1,17,0,1
320,2,1,62,11,3.3,3,11,3.3,3,8,7,17,19,18,14,0,16,9,5,12,0,1
321,2,1,64,5,3.7,3,5,3.7,3,10,11,14,17,19,25,23,8,9,5,17,6,1
322,2,4,37,5,3.7,3,5,3.7,3,9,10,20,14,19,16,21,1,16,2,7,6,1
323,2,2,64,12,3.3,4,12,3.3,4,11,8,14,18,22,15,0,16,15,5,9,0,1
324,2,5,43,13,3.6,5,13,3.6,5,12,7,20,19,15,14,27,4,10,9,13,1,1
325,2,3,49,14,3.6,2,14,3.6,2,11,7,22,26,18,14,17,10,13,15,12,9,1
326,2,5,35,8,3.6,3,8,3.6,3,9,12,26,22,18,27,15,11,17,8,15,6,1
327,2,3,57,11,3.7,3,11,3.7,3,8,13,25,26,18,23,19,15,5,9,8,6,1
328,2,0,49,16,3.2,1,16,3.2,1,8,12,19,15,20,27,0,17,13,5,15,0,1
329,2,0,51,16,3.6,5,16,3.6,5,12,7,19,26,24,23,14,14,4,5,15,1,1
330,2,5,33,12,3.6,6,12,3.6,6,13,12,23,17,15,20,27,9,6,11,1,7,1
331,2,4,61,16,3.3,6,16,3.3,6,10,8,20,14,19,24,0,16,14,13,11,0,1
332,2,2,40,24,3.5,5,24,3.5,5,10,8,23,24,25,27,0,5,12,3,7,0,1
333,2,0,44,14,3.4,5,14,3.4,5,9,13,25,21,17,20,0,14,16,2,1,0,1
334,2,4,54,16,3.7,4,16,3.7,4,12,8,24,15,26,22,19,5,12,13,2,6,1
335,2,3,36,12,3.2,6,12,3.2,6,10,9,17,24,22,25,0,11,14,3,16,0,1
336,2,1,39,24,3.3,5,24,3.3,5,13,9,24,25,16,17,0,10,3,13,15,0,1
337,2,1,47,12,3.6,5,12,3.6,5,13,10,23,20,17,15,21,15,14,11,17,16,1
338,2,3,31,12,3.2,1,12,3.2,1,10,11,16,22,14,18,0,17,3,12,2,0,1
339,2,3,24,15,3.5,1,15,3.5,1,12,10,21,22,25,27,0,15,13,8,17,0,1
340,2,5,27,15,3.4,3,15,3.4,3,13,7,14,20,17,15,0,2,16,13,6,0,1
341,2,4,49,19,3.3,6,19,3.3,6,8,10,17,19,16,25,0,11,2,3,17,0,1
342,2,2,28,1,3.6,3,1,3.6,3,10,11,24,14,27,25,23,17,8,4,11,7,1
343,2,5,41,27,3.5,1,27,3.5,1,11,12,18,15,19,22,0,5,1,15,3,0,1
344,2,1,54,25,3.4,3,25,3.4,3,10,11,21,23,20,17,0,12,17,7,5,0,1
345,2,4,26,22,3.3,5,22,3.3,5,8,9,24,25,17,16,0,13,11,6,17,0,1
346,2,4,37,2,3.6,6,2,3.6,6,13,12,22,27,21,14,25,3,14,7,5,10,1
347,2,4,28,15,3.5,6,15,3.5,6,11,12,27,17,26,16,0,5,14,16,11,0,1
348,2,4,46,19,3.3,3,19,3.3,3,9,10,24,23,14,27,0,5,6,4,10,0,1
349,2,3,46,25,3.2,1,25,3.2,1,10,8,25,20,26,21,0,10,1,16,15,0,1
350,2,4,33,25,3.5,6,25,3.5,6,8,11,14,23,22,20,0,3,9,4,5,0,1
351,2,0,27,12,3.3,4,12,3.3,4,9,11,14,22,27,17,0,2,7,10,14,0,1
352,2,5,51,19,3.3,1,19,3.3,1,7,8,23,17,24,15,0,14,5,12,11,0,1
353,2,5,57,19,3.5,3,19,3.5,3,12,11,18,16,20,14,27,13,3,9,17,5,1
354,2,5,53,27,3.4,6,27,3.4,6,8,12,20,27,23,16,0,9,2,15,17,0,1
355,2,5,49,18,3.7,1,18,3.7,1,13,12,23,20,14,22,21,9,7,11,12,5,1
356,2,2,47,25,3.2,4,25,3.2,4,9,7,16,14,18,26,0,10,7,5,4,0,1
357,2,2,41,13,3.7,5,13,3.7,5,10,12,27,17,21,18,16,2,17,12,3,1,1
358,2,5,53,16,3.7,5,16,3.7,5,10,11,15,26,19,20,25,9,1,17,12,16,1
359,2,4,32,6,3.5,5,6,3.5,5,7,11,21,14,18,17,27,8,5,4,11,9,1
360,2,0,28,1,3.6,1,1,3.6,1,8,13,23,18,22,16,15,13,12,16,10,17,1
361,2,3,32,16,3.6,2,16,3.6,2,12,9,27,19,17,22,25,2,9,8,13,3,1
362,2,0,41,5,3.6,4,5,3.6,4,7,13,15,22,25,20,23,13,16,1,11,5,1
363,2,0,60,5,3.6,5,5,3.6,5,8,13,23,24,27,22,26,10,15,4,16,17,1
364,2,0,38,15,3.2,1,15,3.2,1,13,9,23,27,22,15,0,9,2,7,12,0,1
365,2,5,47,16,3.4,3,16,3.4,3,10,8,22,20,23,19,0,12,6,11,1,0,1
366,2,4,32,18,3.3,2,18,3.3,2,10,9,21,14,27,20,0,12,11,9,4,0,1
367,2,3,45,10,3.7,5,10,3.7,5,9,7,27,24,23,26,19,2,16,3,17,6,1
368,2,5,52,11,3.3,4,11,3.3,4,11,13,17,25,21,15,0,4,6,14,16,0,1
369,2,5,49,7,3.5,4,7,3.5,4,9,8,16,25,17,26,24,11,9,5,12,3,1
370,2,2,62,14,3.7,1,14,3.7,1,12,13,22,23,25,16,15,1,8,4,15,2,1
371,2,2,36,18,3.4,4,18,3.4,4,10,11,14,21,27,18,0,14,2,10,8,0,1
372,2,4,39,18,3.2,6,18,3.2,6,9,7,26,14,25,16,0,16,11,17,5,0,1
373,2,2,39,12,3.5,4,12,3.5,4,10,9,19,25,27,18,0,3,17,2,12,0,1
374,2,0,46,10,3.5,4,10,3.5,4,8,12,20,16,21,18,0,9,6,5,4,0,1
375,2,4,56,25,3.3,6,25,3.3,6,8,10,26,16,14,22,0,3,1,13,17,0,1
376,2,5,27,15,3.5,4,15,3.5,4,9,8,19,22,15,16,27,4,14,9,5,7,1
377,2,0,59,1,3.7,3,1,3.7,3,7,12,15,14,26,22,23,12,3,14,8,13,1
378,2,2,55,10,3.4,2,10,3.4,2,10,9,19,23,27,26,0,11,16,8,1,0,1
379,2,0,31,25,3.3,1,25,3.3,1,9,7,20,17,15,18,0,16,8,14,5,0,1
380,2,5,40,16,3.4,3,16,3.4,3,9,7,24,23,27,14,0,4,7,15,2,0,1
381,2,4,53,16,3.4,6,16,3.4,6,13,9,27,22,21,16,0,6,4,3,2,0,1
382,2,4,25,27,3.3,3,27,3.3,3,12,11,18,26,23,16,0,15,6,8,16,0,1
383,2,2,28,21,3.5,2,21,3.5,2,11,12,21,23,16,17,0,14,7,12,4,0,1
384,2,2,27,27,3.2,4,27,3.2,4,10,13,22,18,19,16,0,14,11,8,16,0,1
385,2,5,59,2,3.6,2,2,3.6,2,7,11,19,26,25,17,14,5,8,16,6,4,1
386,2,5,56,27,3.3,2,27,3.3,2,11,12,17,23,15,25,0,11,14,17,8,0,1
387,2,3,44,28,3.2,6,28,3.2,6,12,11,26,25,20,21,0,9,11,15,17,0,1
388,2,4,43,16,3.4,5,16,3.4,5,11,8,23,21,16,24,0,1,12,9,14,0,1
389,2,1,63,17,3.7,5,17,3.7,5,13,12,26,14,16,18,20,7,4,17,1,15,1
390,2,0,42,7,3.5,6,7,3.5,6,8,12,21,14,20,18,16,16,7,12,10,2,1
391,2,5,50,25,3.3,1,25,3.3,1,13,11,23,18,21,24,0,8,10,6,9,0,1
392,2,0,62,8,3.5,5,8,3.5,5,13,8,26,20,17,19,15,3,9,16,11,2,1
393,2,5,40,23,3.4,5,23,3.4,5,8,9,20,17,14,27,0,3,7,5,11,0,1
394,2,0,34,10,3.5,1,10,3.5,1,10,7,14,22,26,18,0,9,6,10,2,0,1
395,2,5,43,23,3.4,1,23,3.4,1,7,13,18,16,14,22,0,4,12,13,10,0,1
396,2,4,60,9,3.5,6,9,3.5,6,9,11,27,26,16,20,21,7,15,6,4,10,1
397,2,5,29,1,3.7,1,1,3.7,1,10,7,27,15,20,22,26,5,16,17,11,6,1
398,2,4,41,26,3.3,4,26,3.3,4,11,8,27,25,23,19,0,6,15,1,8,0,1
399,2,3,57,22,3.2,2,22,3.2,2,8,10,17,15,16,25,0,16,11,4,8,0,1
400,2,5,45,5,3.7,2,5,3.7,2,8,7,21,25,17,15,14,6,14,16,4,9,1
401,2,2,54,15,3.5,1,15,3.5,1,12,11,20,19,14,23,0,2,6,3,11,0,1
402,2,1,50,23,3.5,1,23,3.5,1,8,11,24,15,14,27,0,12,6,8,13,0,1
403,2,4,45,19,3.5,3,19,3.5,3,9,7,15,20,16,23,0,10,15,1,16,0,1
404,2,3,53,23,3.2,6,23,3.2,6,13,7,15,25,22,19,0,16,1,5,15,0,1
405,2,2,30,22,3.3,1,22,3.3,1,11,12,24,18,17,23,0,10,8,15,11,0,1
406,2,5,44,6,3.7,2,6,3.7,2,12,13,25,27,17,23,14,12,10,4,5,11,1
407,2,1,28,12,3.3,6,12,3.3,6,9,10,21,22,23,16,0,15,10,16,8,0,1
408,2,3,40,15,3.5,1,15,3.5,1,13,7,16,19,27,25,0,7,16,4,2,0,1
409,2,4,40,13,3.4,6,13,3.4,6,12,11,15,21,27,20,0,7,12,13,11,0,1
410,2,0,45,15,3.5,5,15,3.5,5,8,12,27,19,18,25,0,5,10,9,8,0,1
411,2,0,28,15,3.5,4,15,3.5,4,9,8,21,26,16,14,0,5,7,6,11,0,1
412,2,1,23,11,3.5,1,11,3.5,1,8,10,17,21,19,14,15,4,2,16,1,13,1
413,2,0,29,13,3.6,5,13,3.6,5,8,11,24,19,17,14,22,10,17,7,5,12,1
414,2,3,24,6,3.7,3,6,3.7,3,12,8,17,18,26,16,24,17,13,14,10,4,1
415,2,0,58,9,3.7,5,9,3.7,5,8,13,16,20,26,19,22,1,17,5,13,10,1
416,2,1,52,14,3.4,1,14,3.4,1,13,12,19,16,22,20,0,5,16,2,13,0,1
417,2,4,44,16,3.5,4,16,3.5,4,9,10,16,19,25,24,21,8,4,5,17,9,1
418,2,3,38,13,3.5,2,13,3.5,2,12,13,22,19,23,21,20,4,17,14,16,9,1
419,2,0,28,16,3.4,2,16,3.4,2,12,11,25,17,14,26,0,7,16,13,1,0,1
420,2,4,36,18,3.2,1,18,3.2,1,13,11,17,25,19,27,0,10,17,1,14,0,1
421,2,5,24,24,3.4,4,24,3.4,4,8,12,20,14,27,21,0,8,5,10,17,0,1
422,2,4,42,4,3.5,6,4,3.5,6,13,7,23,19,17,24,16,14,8,6,13,16,1
423,2,1,27,10,3.7,5,10,3.7,5,11,8,25,16,20,21,14,10,4,15,3,17,1
424,2,2,41,29,3.5,3,29,3.5,3,11,10,20,21,22,26,0,8,11,4,14,0,1
425,2,4,61,19,3.5,1,19,3.5,1,10,9,23,19,15,14,27,16,13,6,8,17,1
426,2,5,56,1,3.6,2,1,3.6,2,12,10,16,25,22,26,21,1,2,8,17,16,1
427,2,4,56,29,3.4,3,29,3.4,3,8,10,25,15,22,17,0,2,10,7,13,0,1
428,2,1,58,23,3.3,2,23,3.3,2,11,13,17,25,26,19,0,10,5,6,3,0,1
429,2,2,59,14,3.5,1,14,3.5,1,12,9,24,18,25,27,14,7,5,17,13,3,1
430,2,3,29,12,3.5,1,12,3.5,1,8,11,25,24,26,18,23,1,15,9,13,6,1
431,2,3,58,26,3.4,6,26,3.4,6,8,13,24,23,20,18,0,10,1,9,2,0,1
432,2,1,54,15,3.5,6,15,3.5,6,10,9,26,17,27,15,19,4,10,6,15,7,1
433,2,5,31,4,3.7,6,4,3.7,6,8,10,23,25,24,16,22,14,12,16,17,2,1
434,2,1,59,18,3.5,2,18,3.5,2,8,11,26,20,15,14,22,2,6,14,16,8,1
435,2,3,35,13,3.7,6,13,3.7,6,12,9,17,24,27,25,22,9,11,10,3,4,1
436,2,3,39,11,3.5,2,11,3.5,2,10,12,20,23,24,26,0,8,5,16,2,0,1
437,2,5,25,15,3.5,1,15,3.5,1,8,13,25,21,14,19,0,12,17,1,4,0,1
438,2,4,29,12,3.4,2,12,3.4,2,13,11,20,23,22,26,0,7,1,11,12,0,1
439,2,1,36,10,3.6,1,10,3.6,1,9,8,24,19,23,26,15,12,8,3,9,14,1
440,2,4,28,16,3.5,3,16,3.5,3,10,9,24,22,20,18,0,3,5,2,16,0,1
441,2,1,34,10,3.6,6,10,3.6,6,8,7,24,15,20,14,25,9,8,5,7,12,1
442,2,4,46,14,3.5,3,14,3.5,3,12,7,26,20,27,16,19,14,15,12,6,2,1
443,2,2,31,20,3.3,4,20,3.3,4,13,11,14,24,23,16,0,11,10,3,17,0,1
444,2,3,40,24,3.5,6,24,3.5,6,10,13,15,21,19,14,0,2,5,9,3,0,1
445,2,1,28,11,3.5,4,11,3.5,4,7,9,25,24,16,23,0,3,7,8,16,0,1
446,2,0,40,13,3.3,6,13,3.3,6,8,9,17,15,21,22,0,6,4,3,11,0,1
447,2,5,25,2,3.6,5,2,3.6,5,11,9,15,19,26,23,16,14,1,17,10,4,1
448,2,5,43,25,3.3,5,25,3.3,5,10,13,15,22,17,25,0,8,2,4,9,0,1
449,2,5,43,5,3.5,3,5,3.5,3,10,12,14,26,22,20,16,2,11,15,10,16,1
450,2,2,57,28,3.4,2,28,3.4,2,11,12,20,16,22,21,0,8,13,17,2,0,1
451,2,3,43,16,3.2,3,16,3.2,3,7,11,26,14,18,25,0,8,5,2,12,0,1
452,2,1,36,20,3.4,1,20,3.4,1,11,7,15,20,25,16,0,1,14,12,13,0,1
453,2,1,54,10,3.4,1,10,3.4,1,12,8,25,14,21,19,0,4,12,3,7,0,1
454,2,0,50,6,3.5,6,6,3.5,6,12,8,20,26,23,22,15,4,5,1,13,12,1
455,2,4,52,21,3.5,3,21,3.5,3,11,8,23,25,17,19,0,16,3,13,8,0,1
456,2,0,32,12,3.5,2,12,3.5,2,7,8,26,14,25,18,0,6,16,11,9,0,1
457,2,0,24,9,3.7,6,9,3.7,6,7,12,18,21,26,14,15,9,2,10,13,3,1
458,2,0,28,7,3.5,1,7,3.5,1,8,7,27,18,15,20,17,9,8,3,2,11,1
459,2,4,42,6,3.7,5,6,3.7,5,11,10,27,16,22,24,19,5,15,16,1,3,1
460,2,2,43,19,3.5,2,19,3.5,2,8,12,21,23,15,26,16,8,13,1,16,9,1
461,2,2,29,2,3.7,6,2,3.7,6,8,13,27,18,14,21,15,1,17,15,6,10,1
462,2,5,38,10,3.7,3,10,3.7,3,10,8,20,26,17,19,18,8,14,17,12,4,1
463,2,1,39,11,3.5,4,11,3.5,4,10,9,14,20,15,23,0,1,9,2,15,0,1
464,2,3,57,2,3.5,4,2,3.5,4,11,10,15,25,20,14,18,3,8,9,4,6,1
465,2,4,38,17,3.6,6,17,3.6,6,7,11,20,22,23,16,24,13,7,6,5,15,1
466,2,0,43,22,3.4,2,22,3.4,2,10,8,19,14,25,15,0,11,5,4,17,0,1
467,2,5,22,1,3.6,1,1,3.6,1,11,9,17,22,18,23,15,13,10,7,8,6,1
468,2,4,57,13,3.2,3,13,3.2,3,13,7,18,24,14,22,0,17,7,15,14,0,1
469,2,5,58,5,3.6,5,5,3.6,5,11,7,25,23,20,27,21,17,13,8,3,15,1
470,2,5,34,22,3.5,2,22,3.5,2,8,12,22,26,18,16,0,10,6,4,17,0,1
471,2,4,30,21,3.5,1,21,3.5,1,9,13,20,25,16,22,0,9,8,6,14,0,1
472,2,1,52,14,3.5,5,14,3.5,5,8,7,14,17,27,23,0,6,10,13,14,0,1
473,2,4,33,13,3.6,2,13,3.6,2,10,7,20,19,23,26,14,7,2,6,17,4,1
474,2,3,57,3,3.6,1,3,3.6,1,13,8,18,22,25,20,14,1,13,4,11,16,1
475,2,2,39,16,3.3,1,16,3.3,1,13,11,18,23,26,16,0,9,17,15,1,0,1
476,2,2,63,10,3.2,6,10,3.2,6,12,7,14,21,18,17,0,8,13,3,7,0,1
477,2,0,32,19,3.3,3,19,3.3,3,13,9,21,27,24,18,0,8,3,13,2,0,1
478,2,2,36,5,3.5,3,5,3.5,3,8,13,26,16,18,17,19,9,8,16,10,15,1
479,2,5,50,13,3.5,4,13,3.5,4,9,7,17,27,25,24,21,2,9,7,3,5,1
480,2,3,55,27,3.2,2,27,3.2,2,9,7,25,17,15,18,0,15,11,9,1,0,1
481,2,1,24,12,3.5,2,12,3.5,2,11,7,20,15,27,21,0,13,5,16,4,0,1
482,2,4,36,24,3.3,1,24,3.3,1,9,11,22,21,20,25,0,9,12,15,10,0,1
483,2,0,56,11,3.6,4,11,3.6,4,13,9,22,27,24,16,23,9,4,7,15,6,1
484,2,0,37,17,3.7,6,17,3.7,6,9,8,25,18,19,26,16,12,3,7,1,17,1
485,2,4,23,22,3.2,4,22,3.2,4,12,8,26,23,21,18,0,12,17,4,11,0,1
486,2,0,41,7,3.6,5,7,3.6,5,12,9,19,16,21,17,18,13,10,12,6,9,1
487,2,2,60,15,3.2,5,15,3.2,5,7,10,20,19,14,27,0,9,17,1,7,0,1
488,2,1,40,17,3.7,2,17,3.7,2,13,8,20,14,22,18,24,13,5,8,12,2,1
489,2,3,24,25,3.4,2,25,3.4,2,12,7,25,17,14,18,0,13,9,5,4,0,1
490,2,0,60,24,3.5,4,24,3.5,4,12,8,19,27,15,21,0,16,4,8,14,0,1
491,2,3,48,24,3.5,6,24,3.5,6,12,10,25,23,27,24,0,17,7,3,15,0,1
492,2,2,63,26,3.2,4,26,3.2,4,8,10,17,26,27,24,0,7,5,6,9,0,1
493,2,1,31,19,3.3,5,19,3.3,5,9,11,25,26,14,20,0,5,11,10,4,0,1
494,2,5,24,22,3.2,6,22,3.2,6,7,13,25,23,22,18,0,13,8,12,5,0,1
495,2,1,55,18,3.4,4,18,3.4,4,8,7,17,27,15,21,0,6,16,7,13,0,1
496,2,5,45,4,3.6,6,4,3.6,6,7,13,27,23,22,21,20,11,13,6,16,12,1
497,2,3,31,22,3.3,1,22,3.3,1,7,8,14,26,24,17,0,11,13,5,17,0,1
498,2,2,41,18,3.5,6,18,3.5,6,12,10,14,21,18,26,0,15,7,11,3,0,1
499,2,0,53,5,3.5,5,5,3.5,5,7,9,17,26,24,23,15,12,1,16,5,6,1
500,1,1,34,40,2.9,2,40,2.9,2,5,4,19,14,0,0,0,9,12,0,0,0,0
501,1,3,36,10,3.6,3,10,3.6,3,5,4,26,24,23,27,22,14,11,5,3,16,0
502,1,4,28,33,2.6,3,33,2.6,3,1,5,14,15,0,0,0,9,4,0,0,0,0
503,1,5,34,10,3.6,2,10,3.6,2,1,6,15,27,19,17,25,10,15,6,1,4,0
504,1,5,22,35,2.6,2,35,2.6,2,4,3,26,25,0,0,0,2,14,0,0,0,0
505,1,4,27,23,2.8,3,23,2.8,3,5,3,15,16,0,0,0,17,14,0,0,0,0
506,1,3,32,32,2.6,5,32,2.6,5,1,6,19,16,0,0,0,17,13,0,0,0,0
507,1,1,29,3,3.7,1,3,3.7,1,3,1,19,20,17,26,27,10,15,2,8,4,0
508,1,4,28,36,3,3,36,3,3,1,6,19,16,0,0,0,7,6,0,0,0,0
509,1,0,27,27,3.3,1,27,3.3,1,5,6,22,16,20,17,0,12,11,17,10,0,0
510,1,0,24,28,3.2,1,28,3.2,1,1,4,14,16,27,0,0,15,5,1,0,0,0
511,1,5,31,43,2.8,1,43,2.8,1,3,2,15,14,0,0,0,5,16,0,0,0,0
512,1,5,33,33,3.1,1,33,3.1,1,1,5,26,15,23,0,0,17,10,12,0,0,0
513,1,0,33,13,3.6,3,13,3.6,3,6,4,20,15,25,27,17,5,9,1,7,12,0
514,1,4,35,14,3.5,2,14,3.5,2,3,5,25,24,21,22,0,16,4,2,14,0,0
515,1,0,27,42,3,1,42,3,1,6,2,25,24,0,0,0,17,2,0,0,0,0
516,1,3,39,11,3.7,4,11,3.7,4,3,5,27,22,23,19,14,4,10,7,17,8,0
517,1,3,24,31,3,6,31,3,6,3,4,24,27,16,0,0,10,4,2,0,0,0
518,1,0,26,6,3.5,6,6,3.5,6,6,5,19,24,21,16,25,11,9,10,4,8,0
519,1,0,32,25,3.5,4,25,3.5,4,2,5,18,21,19,16,0,14,6,9,13,0,0
520,1,2,38,42,2.6,4,42,2.6,4,5,4,14,18,0,0,0,17,8,0,0,0,0
521,1,2,33,39,3.2,5,39,3.2,5,3,4,24,23,16,0,0,5,15,7,0,0,0
522,1,5,36,23,3.1,1,23,3.1,1,3,1,27,16,0,0,0,10,17,0,0,0,0
523,1,2,36,28,3.5,4,28,3.5,4,1,3,20,17,25,19,0,1,4,2,8,0,0
524,1,5,33,30,3.3,3,30,3.3,3,6,4,19,26,27,0,0,14,9,6,0,0,0
525,1,3,24,13,3.6,5,13,3.6,5,1,6,26,22,17,25,14,9,8,15,11,14,0
526,1,4,28,15,3.2,6,15,3.2,6,2,4,15,16,17,20,0,11,9,6,16,0,0
527,1,2,31,26,3.5,1,26,3.5,1,4,1,24,19,14,22,0,4,13,3,1,0,0
528,1,2,24,23,3,6,23,3,6,5,1,24,26,25,0,0,11,15,8,0,0,0
529,1,2,36,28,2.8,3,28,2.8,3,6,1,23,25,0,0,0,7,6,0,0,0,0
530,1,5,39,27,3.2,2,27,3.2,2,4,5,19,26,17,14,0,7,2,16,13,0,0
531,1,1,29,6,3.7,1,6,3.7,1,2,6,27,18,24,22,20,11,12,1,8,2,0
532,1,1,38,31,2.9,3,31,2.9,3,6,5,20,27,19,0,0,2,3,13,0,0,0
533,1,2,36,31,2.6,1,31,2.6,1,6,5,18,23,0,0,0,2,17,0,0,0,0
534,1,4,30,23,2.9,6,23,2.9,6,4,2,24,27,14,0,0,16,14,17,0,0,0
535,1,5,37,38,3.3,1,38,3.3,1,4,6,14,19,16,0,0,7,9,16,0,0,0
536,1,0,32,11,3.7,3,11,3.7,3,4,5,25,21,24,26,20,1,15,9,7,13,0
537,1,0,39,48,2.7,1,48,2.7,1,2,5,18,25,0,0,0,9,17,0,0,0,0
538,1,1,38,26,3.1,1,26,3.1,1,5,2,24,25,0,0,0,7,12,0,0,0,0
539,1,5,35,31,2.9,6,31,2.9,6,1,6,18,26,14,0,0,6,3,16,0,0,0
540,1,1,22,38,2.6,2,38,2.6,2,6,1,16,24,0,0,0,12,9,0,0,0,0
541,1,3,22,8,3.7,2,8,3.7,2,3,5,25,18,22,26,21,10,14,17,12,6,0
542,1,5,28,27,3,3,27,3,3,6,2,20,22,16,0,0,11,3,5,0,0,0
543,1,0,36,13,3.7,6,13,3.7,6,1,4,18,22,19,15,20,4,8,15,17,12,0
544,1,3,23,47,2.7,1,47,2.7,1,5,6,14,26,0,0,0,5,6,0,0,0,0
545,1,5,36,16,3.4,3,16,3.4,3,2,6,26,14,23,17,0,11,17,3,8,0,0
546,1,4,37,15,3.3,1,15,3.3,1,3,5,27,24,22,15,0,13,10,5,16,0,0
547,1,1,27,12,3.3,6,12,3.3,6,3,6,24,22,27,26,0,11,17,4,9,0,0
548,1,2,22,37,3.2,2,37,3.2,2,3,4,20,17,26,0,0,11,10,13,0,0,0
549,1,2,39,29,3.5,5,29,3.5,5,5,4,21,14,24,15,0,14,10,12,17,0,0
550,1,3,26,11,3.6,6,11,3.6,6,6,2,24,21,19,25,22,8,2,3,9,16,0
551,1,2,32,12,3.2,3,12,3.2,3,6,1,26,20,21,19,0,11,10,9,1,0,0
552,1,1,25,18,3.4,5,18,3.4,5,4,5,20,15,14,19,0,8,7,11,6,0,0
553,1,4,23,29,2.9,5,29,2.9,5,5,3,24,20,17,0,0,4,2,15,0,0,0
554,1,4,25,36,3.3,1,36,3.3,1,6,3,26,18,15,0,0,11,6,10,0,0,0
555,1,2,32,21,3.4,2,21,3.4,2,2,3,26,21,20,25,0,13,11,8,3,0,0
556,1,0,28,42,2.9,1,42,2.9,1,3,4,25,27,0,0,0,1,8,0,0,0,0
557,1,3,31,14,3.4,3,14,3.4,3,1,6,21,26,23,25,0,8,9,17,12,0,0
558,1,4,35,29,3.5,6,29,3.5,6,1,3,16,18,17,22,0,12,11,8,15,0,0
559,1,1,26,38,2.9,2,38,2.9,2,4,5,23,26,0,0,0,4,15,0,0,0,0
560,1,4,39,41,3.1,2,41,3.1,2,3,1,18,25,0,0,0,12,10,0,0,0,0
561,1,0,22,22,2.9,1,22,2.9,1,2,3,18,25,20,0,0,7,1,13,0,0,0
562,1,4,33,27,3.1,2,27,3.1,2,1,3,17,18,22,0,0,1,10,13,0,0,0
563,1,5,32,32,2.6,5,32,2.6,5,6,4,14,26,0,0,0,10,5,0,0,0,0
564,1,4,35,24,3,4,24,3,4,2,5,27,21,0,0,0,17,4,0,0,0,0
565,1,2,28,22,3.3,6,22,3.3,6,6,4,20,17,22,16,0,15,17,4,10,0,0
566,1,3,30,10,3.5,5,10,3.5,5,5,4,18,22,14,17,25,1,7,15,6,17,0
567,1,1,37,18,3.7,4,18,3.7,4,6,5,22,17,21,27,19,6,1,5,2,9,0
568,1,0,37,35,3,4,35,3,4,5,1,23,16,17,0,0,2,14,16,0,0,0
569,1,3,26,14,3.2,4,14,3.2,4,2,3,14,18,27,19,0,12,6,4,11,0,0
570,1,4,38,24,2.7,2,24,2.7,2,3,1,26,14,0,0,0,14,6,0,0,0,0
571,1,0,35,6,3.6,2,6,3.6,2,2,4,24,26,19,25,14,17,5,10,11,2,0
572,1,5,30,21,3.2,6,21,3.2,6,2,1,22,16,23,0,0,11,8,4,0,0,0
573,1,1,29,25,3.1,1,25,3.1,1,1,5,20,19,22,0,0,2,1,10,0,0,0
574,1,5,22,40,2.6,6,40,2.6,6,5,3,25,27,0,0,0,4,9,0,0,0,0
575,1,0,31,16,3.5,5,16,3.5,5,2,1,20,23,15,24,0,13,16,10,11,0,0
576,1,1,31,22,3.3,6,22,3.3,6,6,3,25,24,21,27,0,13,9,2,14,0,0
577,1,2,34,40,2.7,3,40,2.7,3,5,1,24,22,0,0,0,15,5,0,0,0,0
578,1,4,32,24,3,6,24,3,6,5,1,23,24,16,0,0,8,2,15,0,0,0
579,1,4,29,27,3,3,27,3,3,1,4,18,26,0,0,0,5,14,0,0,0,0
580,1,0,26,39,3.3,6,39,3.3,6,1,2,23,18,14,0,0,1,11,4,0,0,0
581,1,2,31,19,3.2,6,19,3.2,6,6,4,16,20,23,26,0,4,16,10,15,0,0
582,1,1,25,2,3.6,4,2,3.6,4,2,4,22,24,27,15,21,14,10,11,5,6,0
583,1,0,34,11,3.2,5,11,3.2,5,1,2,14,22,24,17,0,17,14,4,9,0,0
584,1,3,37,20,3.2,1,20,3.2,1,3,6,27,14,18,19,0,15,16,4,11,0,0
585,1,1,35,2,3.6,3,2,3.6,3,6,3,22,15,25,24,16,15,4,14,6,3,0
586,1,5,30,22,3.2,2,22,3.2,2,6,3,23,19,18,26,0,7,13,8,6,0,0
587,1,0,33,22,3.5,2,22,3.5,2,4,1,25,27,24,14,0,5,10,11,3,0,0
588,1,1,37,2,3.5,1,2,3.5,1,2,3,26,18,19,24,20,3,7,14,13,9,0
589,1,3,27,31,2.9,4,31,2.9,4,4,2,23,17,19,0,0,4,14,9,0,0,0
590,1,3,31,10,3.6,2,10,3.6,2,3,4,21,14,24,26,20,7,6,9,1,17,0
591,1,5,22,39,3.3,4,39,3.3,4,2,5,16,14,17,0,0,15,17,7,0,0,0
592,1,5,25,28,2.6,6,28,2.6,6,2,4,19,17,0,0,0,17,5,0,0,0,0
593,1,0,24,6,3.5,4,6,3.5,4,6,2,25,26,22,14,17,2,4,8,14,17,0
594,1,4,36,45,2.6,4,45,2.6,4,6,1,26,19,0,0,0,10,16,0,0,0,0
595,1,4,30,4,3.5,3,4,3.5,3,1,2,27,24,17,20,14,10,1,6,3,9,0
596,1,2,29,30,2.9,4,30,2.9,4,4,3,16,17,0,0,0,3,1,0,0,0,0
597,1,5,30,29,3.1,4,29,3.1,4,3,6,25,15,22,0,0,1,15,16,0,0,0
598,1,2,37,15,3.2,6,15,3.2,6,4,3,21,23,17,22,0,5,3,13,6,0,0
599,1,0,22,26,3.3,2,26,3.3,2,3,2,24,15,20,0,0,1,2,9,0,0,0
600,1,1,28,20,3.2,2,20,3.2,2,5,3,17,18,23,0,0,17,13,5,0,0,0
601,1,2,35,15,3.5,1,15,3.5,1,2,3,19,17,25,22,18,16,7,10,9,3,0
602,1,1,23,29,2.9,4,29,2.9,4,1,6,18,19,24,0,0,14,9,17,0,0,0
603,1,1,33,10,3.7,1,10,3.7,1,1,5,20,26,16,24,27,5,7,15,1,16,0
604,1,0,38,11,3.7,5,11,3.7,5,5,3,25,21,24,26,14,2,9,15,4,16,0
605,1,0,39,13,3.2,6,13,3.2,6,2,4,23,27,19,21,0,11,14,8,16,0,0
606,1,0,26,17,3.6,3,17,3.6,3,6,2,24,17,27,21,18,10,1,6,16,9,0
607,1,2,32,5,3.6,5,5,3.6,5,2,1,14,17,18,24,25,10,17,8,4,1,0
608,1,2,31,12,3.5,6,12,3.5,6,2,5,19,15,26,23,0,13,11,4,17,0,0
609,1,4,38,31,3.1,4,31,3.1,4,2,1,18,17,24,0,0,7,10,3,0,0,0
610,1,0,33,21,3.3,3,21,3.3,3,4,3,20,26,16,27,0,4,16,12,5,0,0
611,1,1,30,33,2.9,6,33,2.9,6,5,4,25,14,27,0,0,12,14,1,0,0,0
612,1,3,33,41,2.8,6,41,2.8,6,5,6,15,24,0,0,0,11,16,0,0,0,0
613,1,5,33,26,2.9,3,26,2.9,3,5,2,26,24,0,0,0,6,2,0,0,0,0
614,1,3,34,39,2.6,1,39,2.6,1,4,1,20,22,0,0,0,8,4,0,0,0,0
615,1,5,31,25,3.2,3,25,3.2,3,3,1,17,16,24,23,0,10,1,8,13,0,0
616,1,4,35,36,3.3,2,36,3.3,2,5,3,24,15,18,0,0,8,9,13,0,0,0
617,1,3,37,18,3.4,2,18,3.4,2,4,2,17,26,14,25,0,3,7,5,2,0,0
618,1,3,26,21,3.5,6,21,3.5,6,6,4,16,15,27,22,0,6,9,15,8,0,0
619,1,3,37,25,3,4,25,3,4,5,4,22,27,26,0,0,6,9,13,0,0,0
620,1,2,32,4,3.5,3,4,3.5,3,2,4,17,22,23,20,15,12,17,16,13,10,0
621,1,3,32,17,3.2,3,17,3.2,3,2,5,14,18,19,20,0,17,5,16,8,0,0
622,1,3,35,18,3.7,1,18,3.7,1,3,1,26,18,24,23,17,4,15,2,17,7,0
623,1,0,36,35,3.3,5,35,3.3,5,3,1,22,20,27,0,0,13,1,5,0,0,0
624,1,3,37,8,3.7,2,8,3.7,2,4,5,25,19,26,21,27,6,14,11,17,1,0
625,1,1,36,13,3.6,5,13,3.6,5,4,3,19,26,22,23,16,2,11,5,14,15,0
626,1,1,32,22,3.5,1,22,3.5,1,1,4,21,14,20,26,0,17,2,16,4,0,0
627,1,3,33,23,2.9,1,23,2.9,1,6,5,24,19,15,0,0,13,1,6,0,0,0
628,1,1,30,26,3.2,1,26,3.2,1,6,2,27,16,25,14,0,10,4,1,6,0,0
629,1,1,34,27,3,4,27,3,4,6,3,22,19,0,0,0,3,5,0,0,0,0
630,1,0,24,28,3.4,6,28,3.4,6,4,6,22,21,19,24,0,14,9,2,17,0,0
631,1,1,25,13,3.7,3,13,3.7,3,4,1,27,15,21,16,14,4,10,17,3,9,0
632,1,1,24,2,3.6,4,2,3.6,4,4,2,18,14,25,24,21,9,7,14,13,6,0
633,1,5,33,11,3.5,3,11,3.5,3,4,5,14,26,18,16,20,13,14,8,12,3,0
634,1,3,22,33,3.2,6,33,3.2,6,3,2,24,21,20,0,0,13,4,5,0,0,0
635,1,2,34,29,3.5,4,29,3.5,4,2,1,21,25,23,24,0,6,13,3,8,0,0
636,1,1,25,23,3.5,5,23,3.5,5,3,5,20,23,17,18,0,4,8,16,7,0,0
637,1,1,24,47,2.8,1,47,2.8,1,5,3,16,25,0,0,0,12,4,0,0,0,0
638,1,4,36,38,3,2,38,3,2,3,5,23,26,16,0,0,2,10,3,0,0,0
639,1,2,28,14,3.5,5,14,3.5,5,2,6,18,22,15,16,0,14,15,13,12,0,0
640,1,5,33,36,2.8,2,36,2.8,2,3,1,20,14,0,0,0,11,15,0,0,0,0
641,1,1,27,48,3.1,1,48,3.1,1,5,4,27,23,0,0,0,14,15,0,0,0,0
642,1,1,24,14,3.5,3,14,3.5,3,4,3,16,22,27,26,14,9,4,14,7,17,0
643,1,0,26,12,3.5,5,12,3.5,5,2,3,27,26,19,14,16,11,17,13,9,12,0
644,1,2,23,10,3.6,3,10,3.6,3,4,6,23,19,24,21,22,7,4,11,5,15,0
645,1,5,30,33,3,5,33,3,5,6,2,23,26,24,0,0,11,13,15,0,0,0
646,1,1,38,27,2.9,2,27,2.9,2,1,4,23,16,26,0,0,14,11,17,0,0,0
647,1,2,25,6,3.5,2,6,3.5,2,2,4,20,14,18,26,21,10,14,2,15,13,0
648,1,5,31,24,2.7,6,24,2.7,6,5,1,18,17,0,0,0,7,1,0,0,0,0
649,1,5,34,36,3.3,6,36,3.3,6,6,2,26,17,15,0,0,12,11,17,0,0,0
650,1,4,36,31,3.2,6,31,3.2,6,1,2,24,21,23,0,0,4,6,7,0,0,0
651,1,1,28,16,3.7,4,16,3.7,4,6,4,16,18,20,15,25,9,15,6,1,12,0
652,1,4,32,29,2.7,4,29,2.7,4,6,1,24,17,0,0,0,12,15,0,0,0,0
653,1,3,35,39,3,1,39,3,1,5,6,23,21,26,0,0,12,5,7,0,0,0
654,1,4,23,36,3.1,3,36,3.1,3,6,1,16,24,14,0,0,8,6,16,0,0,0
655,1,5,30,11,3.2,5,11,3.2,5,3,4,15,24,22,14,0,2,10,15,6,0,0
656,1,5,30,9,3.6,3,9,3.6,3,6,3,16,26,23,24,21,10,3,6,9,5,0
657,1,2,35,26,3.3,4,26,3.3,4,4,3,25,15,26,14,0,12,9,16,1,0,0
658,1,4,39,27,3.3,6,27,3.3,6,5,1,14,26,23,0,0,6,10,3,0,0,0
659,1,2,37,38,2.9,1,38,2.9,1,3,5,24,17,16,0,0,3,6,2,0,0,0
660,1,1,34,36,3.2,2,36,3.2,2,6,5,25,15,20,0,0,4,14,3,0,0,0
661,1,3,33,27,3.5,6,27,3.5,6,4,2,20,15,14,26,0,14,11,6,8,0,0
662,1,5,32,22,3.2,2,22,3.2,2,1,6,22,26,17,0,0,2,13,15,0,0,0
663,1,1,29,19,3.2,6,19,3.2,6,4,2,18,15,16,22,0,16,14,3,7,0,0
664,1,3,28,26,3.2,3,26,3.2,3,3,1,14,15,23,20,0,7,10,5,3,0,0
665,1,4,37,38,3.3,2,38,3.3,2,2,5,23,27,22,0,0,7,6,3,0,0,0
666,1,5,24,26,3.2,6,26,3.2,6,5,2,17,24,18,27,0,12,9,5,2,0,0
667,1,3,39,11,3.7,1,11,3.7,1,5,3,21,26,16,22,18,16,12,10,8,5,0
668,1,4,29,30,3.1,6,30,3.1,6,3,6,25,24,0,0,0,10,12,0,0,0,0
669,1,0,25,10,3.5,5,10,3.5,5,4,2,26,21,22,16,20,10,5,6,12,7,0
670,1,5,30,29,3.3,6,29,3.3,6,2,1,27,24,16,0,0,17,13,11,0,0,0
671,1,1,34,27,2.9,5,27,2.9,5,1,6,18,25,16,0,0,13,1,12,0,0,0
672,1,3,32,34,3.3,1,34,3.3,1,5,1,27,20,17,0,0,14,9,2,0,0,0
673,1,4,38,26,3.5,5,26,3.5,5,1,2,19,24,26,27,0,11,2,12,5,0,0
674,1,1,28,33,3.1,6,33,3.1,6,6,3,23,25,21,0,0,13,4,9,0,0,0
675,1,4,29,23,3.3,6,23,3.3,6,6,1,20,23,27,0,0,16,6,5,0,0,0
676,1,3,29,25,3.3,2,25,3.3,2,4,1,19,17,16,15,0,1,8,15,5,0,0
677,1,4,24,36,2.6,4,36,2.6,4,1,6,23,19,0,0,0,3,7,0,0,0,0
678,1,5,26,1,3.5,4,1,3.5,4,6,1,21,24,22,26,17,11,13,16,3,4,0
679,1,0,33,13,3.4,6,13,3.4,6,2,4,17,23,19,18,0,3,7,6,16,0,0
680,1,5,31,13,3.3,2,13,3.3,2,3,5,14,15,20,21,0,16,2,3,12,0,0
681,1,4,33,22,3.1,4,22,3.1,4,1,5,19,21,0,0,0,17,11,0,0,0,0
682,1,3,32,13,3.3,1,13,3.3,1,1,5,22,18,25,23,0,2,1,3,16,0,0
683,1,1,26,17,3.6,6,17,3.6,6,6,2,17,14,15,25,19,4,3,11,5,10,0
684,1,3,37,15,3.7,4,15,3.7,4,3,4,20,25,27,16,17,6,11,14,7,4,0
685,1,2,29,22,3.3,1,22,3.3,1,5,3,24,22,25,0,0,1,16,12,0,0,0
686,1,3,38,39,3,6,39,3,6,6,3,21,15,0,0,0,14,13,0,0,0,0
687,1,3,26,14,3.3,1,14,3.3,1,4,1,25,20,23,24,0,12,7,11,13,0,0
688,1,1,23,2,3.7,5,2,3.7,5,4,1,26,18,23,19,17,3,5,12,1,13,0
689,1,4,26,1,3.6,6,1,3.6,6,2,4,17,19,14,26,27,4,1,11,5,15,0
690,1,3,27,13,3.4,4,13,3.4,4,3,5,25,20,18,17,0,6,15,10,12,0,0
691,1,5,25,37,3.2,6,37,3.2,6,2,4,25,27,18,0,0,15,14,16,0,0,0
692,1,2,35,40,2.8,3,40,2.8,3,2,5,26,18,0,0,0,7,14,0,0,0,0
693,1,5,31,6,3.6,6,6,3.6,6,3,4,18,19,20,21,24,11,14,9,5,4,0
694,1,2,31,45,2.8,5,45,2.8,5,1,2,27,14,0,0,0,11,3,0,0,0,0
695,1,4,38,12,3.3,5,12,3.3,5,5,4,23,20,21,19,0,10,6,17,5,0,0
696,1,5,27,29,2.9,2,29,2.9,2,5,6,14,16,0,0,0,8,15,0,0,0,0
697,1,5,35,6,3.5,1,6,3.5,1,6,1,26,23,16,14,15,12,13,4,16,10,0
698,1,1,35,24,2.6,4,24,2.6,4,2,4,15,26,0,0,0,12,13,0,0,0,0
699,1,3,32,19,3.6,5,19,3.6,5,2,1,21,14,26,24,19,7,6,5,13,14,0
700,1,2,35,48,3,2,48,3,2,6,4,25,17,0,0,0,17,13,0,0,0,0
701,1,2,39,46,3,2,46,3,2,4,2,27,18,0,0,0,10,3,0,0,0,0
702,1,1,39,23,3.3,6,23,3.3,6,6,4,25,22,24,16,0,9,12,10,8,0,0
703,1,0,35,15,3.5,1,15,3.5,1,5,6,19,20,15,26,27,2,1,8,7,4,0
704,1,5,39,39,3.3,5,39,3.3,5,2,3,25,15,26,0,0,10,14,17,0,0,0
705,1,4,24,14,3.3,3,14,3.3,3,3,2,27,26,24,14,0,15,16,6,11,0,0
706,1,3,36,32,3.3,6,32,3.3,6,3,1,21,26,23,0,0,8,6,9,0,0,0
707,1,0,30,48,2.6,3,48,2.6,3,1,3,15,16,0,0,0,8,1,0,0,0,0
708,1,0,39,25,3.1,6,25,3.1,6,1,4,21,23,0,0,0,1,3,0,0,0,0
709,1,4,23,44,2.6,4,44,2.6,4,1,6,22,16,0,0,0,14,8,0,0,0,0
710,1,1,33,22,3,6,22,3,6,2,6,22,26,16,0,0,11,15,13,0,0,0
711,1,4,24,30,3.2,1,30,3.2,1,2,3,23,21,20,0,0,10,14,17,0,0,0
712,1,1,37,19,3.6,5,19,3.6,5,6,2,20,25,17,26,15,14,10,5,17,1,0
713,1,4,35,14,3.6,6,14,3.6,6,4,6,16,22,24,23,27,6,8,12,11,5,0
714,1,0,32,37,3.1,3,37,3.1,3,4,6,24,15,22,0,0,15,10,13,0,0,0
715,1,0,39,39,2.9,5,39,2.9,5,3,1,15,19,14,0,0,5,1,8,0,0,0
716,1,5,25,43,3,3,43,3,3,4,6,21,17,0,0,0,3,6,0,0,0,0
717,1,5,39,35,2.8,1,35,2.8,1,5,2,25,21,0,0,0,15,12,0,0,0,0
718,1,3,22,42,2.8,5,42,2.8,5,4,1,14,21,0,0,0,4,11,0,0,0,0
719,1,1,29,18,3.4,5,18,3.4,5,1,4,22,17,15,21,0,8,4,17,5,0,0
720,1,3,38,2,3.6,1,2,3.6,1,5,2,21,15,14,22,18,17,14,15,4,12,0
721,1,3,36,24,3.4,6,24,3.4,6,5,4,24,20,15,17,0,1,17,6,7,0,0
722,1,4,32,29,3.3,1,29,3.3,1,2,1,27,16,14,17,0,9,8,5,12,0,0
723,1,2,27,14,3.5,2,14,3.5,2,2,3,26,24,20,22,19,6,17,15,9,4,0
724,1,0,36,18,3.5,2,18,3.5,2,6,3,23,24,26,27,19,10,1,17,7,8,0
725,1,0,37,6,3.5,3,6,3.5,3,4,5,24,25,16,21,23,9,11,10,8,2,0
726,1,2,37,21,3.2,5,21,3.2,5,6,2,14,17,16,0,0,11,9,15,0,0,0
727,1,2,32,28,2.8,2,28,2.8,2,5,4,24,19,0,0,0,1,17,0,0,0,0
728,1,4,33,24,3.2,5,24,3.2,5,4,5,18,25,21,0,0,1,2,16,0,0,0
729,1,2,22,19,3.5,1,19,3.5,1,5,4,15,22,27,23,16,14,15,8,17,12,0
730,1,3,32,32,3.1,4,32,3.1,4,5,3,15,16,0,0,0,13,8,0,0,0,0
731,1,0,31,20,3.2,1,20,3.2,1,5,4,22,27,25,0,0,16,6,4,0,0,0
732,1,5,23,15,3.5,6,15,3.5,6,5,3,25,15,23,19,0,17,1,5,14,0,0
733,1,4,37,17,3.5,6,17,3.5,6,4,3,18,26,23,27,0,13,6,15,9,0,0
734,1,5,30,14,3.4,1,14,3.4,1,3,2,21,16,20,27,0,5,8,4,16,0,0
735,1,0,31,22,3,3,22,3,3,5,6,19,26,14,0,0,16,6,3,0,0,0
736,1,0,24,35,3.3,2,35,3.3,2,5,4,20,24,22,0,0,13,14,3,0,0,0
737,1,0,37,32,2.7,6,32,2.7,6,5,4,23,19,0,0,0,14,10,0,0,0,0
738,1,4,29,29,3.3,2,29,3.3,2,6,5,25,24,20,21,0,3,12,1,8,0,0
739,1,1,30,34,3,4,34,3,4,1,4,20,25,23,0,0,5,3,17,0,0,0
740,1,2,24,10,3.5,2,10,3.5,2,4,3,14,27,16,17,21,15,17,16,13,10,0
741,1,5,29,29,3.5,3,29,3.5,3,2,6,17,14,26,22,0,4,17,11,8,0,0
742,1,2,24,2,3.7,4,2,3.7,4,3,4,25,17,22,15,26,4,11,8,13,14,0
743,1,3,26,21,3.3,1,21,3.3,1,6,4,19,16,20,15,0,17,12,8,4,0,0
744,1,1,30,4,3.7,2,4,3.7,2,4,3,24,26,21,27,16,16,3,2,15,4,0
745,1,3,29,11,3.5,2,11,3.5,2,4,2,23,17,25,14,24,12,2,4,14,7,0
746,1,5,22,14,3.7,6,14,3.7,6,5,1,22,19,23,20,27,16,6,13,8,10,0
747,1,4,33,8,3.7,2,8,3.7,2,4,3,24,27,15,14,26,9,7,3,15,14,0
748,1,2,24,28,3,2,28,3,2,1,5,22,24,16,0,0,6,15,4,0,0,0
749,1,0,37,10,3.5,2,10,3.5,2,3,4,22,21,23,27,24,8,2,9,11,3,0
750,2,3,36,35,3,6,35,3,6,10,8,21,23,15,0,0,9,10,17,0,0,0
751,2,3,44,47,3.1,2,47,3.1,2,8,7,14,25,0,0,0,8,13,0,0,0,0
752,2,3,39,7,3.5,2,7,3.5,2,10,12,26,14,27,17,20,17,13,5,3,7,0
753,2,4,33,37,2.9,5,37,2.9,5,10,9,17,14,26,0,0,1,8,11,0,0,0
754,2,2,39,20,3,4,20,3,4,8,12,17,14,0,0,0,16,6,0,0,0,0
755,2,0,46,10,3.7,3,10,3.7,3,10,9,19,18,21,27,24,4,6,9,16,7,0
756,2,4,38,11,3.5,6,11,3.5,6,10,11,18,16,24,23,26,6,13,17,9,16,0
757,2,1,53,3,3.7,1,3,3.7,1,7,13,15,16,19,27,21,14,10,13,17,3,0
758,2,5,32,22,3.5,2,22,3.5,2,9,13,19,21,26,24,0,5,2,6,11,0,0
759,2,4,56,38,3.1,4,38,3.1,4,9,11,26,25,0,0,0,3,4,0,0,0,0
760,2,0,60,36,3.1,5,36,3.1,5,13,8,14,20,0,0,0,17,4,0,0,0,0
761,2,2,51,36,3,1,36,3,1,12,10,16,22,20,0,0,13,8,2,0,0,0
762,2,2,55,20,2.9,4,20,2.9,4,7,13,15,22,21,0,0,1,8,10,0,0,0
763,2,4,46,38,3.3,4,38,3.3,4,10,11,16,22,27,0,0,4,8,5,0,0,0
764,2,5,61,14,3.5,5,14,3.5,5,12,8,26,16,17,22,0,16,6,12,3,0,0
765,2,4,41,37,2.7,4,37,2.7,4,7,13,14,17,0,0,0,6,7,0,0,0,0
766,2,4,37,30,2.9,3,30,2.9,3,10,12,20,23,18,0,0,16,1,17,0,0,0
767,2,4,41,37,3,1,37,3,1,12,7,25,24,14,0,0,1,15,17,0,0,0
768,2,2,47,29,3.3,5,29,3.3,5,11,7,16,27,20,0,0,9,3,7,0,0,0
769,2,3,55,37,2.7,6,37,2.7,6,10,7,17,16,0,0,0,6,10,0,0,0,0
770,2,0,34,31,3.3,6,31,3.3,6,13,11,16,17,15,0,0,16,14,4,0,0,0
771,2,1,59,26,3,1,26,3,1,7,9,23,15,21,0,0,13,12,16,0,0,0
772,2,1,27,26,3.4,5,26,3.4,5,8,10,26,18,17,25,0,10,4,5,16,0,0
773,2,3,53,23,3,1,23,3,1,10,8,20,19,0,0,0,12,6,0,0,0,0
774,2,0,48,25,2.9,1,25,2.9,1,7,11,15,14,0,0,0,7,11,0,0,0,0
775,2,5,53,20,3.2,3,20,3.2,3,9,8,19,16,17,0,0,11,6,3,0,0,0
776,2,0,44,19,3.2,4,19,3.2,4,12,13,17,27,25,22,0,6,13,1,16,0,0
777,2,4,29,43,2.6,3,43,2.6,3,13,11,14,16,0,0,0,5,7,0,0,0,0
778,2,5,32,14,3.7,2,14,3.7,2,11,8,27,17,21,18,26,4,8,11,15,10,0
779,2,0,42,37,3.2,1,37,3.2,1,11,8,23,15,14,0,0,12,7,14,0,0,0
780,2,1,61,29,3.2,6,29,3.2,6,9,8,17,19,27,22,0,11,10,12,1,0,0
781,2,0,60,25,3,4,25,3,4,8,7,19,22,21,0,0,16,11,15,0,0,0
782,2,2,53,37,3.2,5,37,3.2,5,8,12,23,18,26,0,0,14,16,5,0,0,0
783,2,4,50,22,2.9,3,22,2.9,3,12,13,23,22,0,0,0,1,8,0,0,0,0
784,2,3,27,26,2.9,3,26,2.9,3,13,7,19,15,18,0,0,4,10,7,0,0,0
785,2,3,37,38,2.9,1,38,2.9,1,7,11,18,15,14,0,0,7,2,16,0,0,0
786,2,5,44,23,3,4,23,3,4,7,12,14,22,18,0,0,9,15,14,0,0,0
787,2,0,37,16,3.6,4,16,3.6,4,7,13,24,22,15,23,21,11,16,1,17,10,0
788,2,2,24,25,3.2,2,25,3.2,2,7,12,27,18,21,25,0,2,17,9,3,0,0
789,2,0,46,16,3.6,6,16,3.6,6,7,8,26,20,24,14,18,3,6,11,2,4,0
790,2,0,50,29,3.5,5,29,3.5,5,7,13,15,25,19,27,0,17,13,1,15,0,0
791,2,5,44,34,3,3,34,3,3,10,13,22,21,24,0,0,16,5,2,0,0,0
792,2,4,26,11,3.3,5,11,3.3,5,9,7,17,26,25,21,0,2,14,6,12,0,0
793,2,3,59,35,3,3,35,3,3,7,11,19,15,0,0,0,5,1,0,0,0,0
794,2,0,24,13,3.6,1,13,3.6,1,12,13,21,15,18,19,27,12,10,16,15,8,0
795,2,1,46,18,3.4,1,18,3.4,1,9,8,22,18,21,23,0,4,10,6,16,0,0
796,2,5,47,21,2.7,3,21,2.7,3,12,11,21,19,0,0,0,10,14,0,0,0,0
797,2,3,61,34,3.1,6,34,3.1,6,11,13,19,16,22,0,0,2,1,16,0,0,0
798,2,2,26,19,3.3,5,19,3.3,5,13,11,25,23,22,24,0,5,16,10,9,0,0
799,2,5,35,17,3.5,5,17,3.5,5,8,7,26,18,21,17,0,5,7,9,6,0,0
800,2,4,42,16,3.5,3,16,3.5,3,7,8,18,26,15,14,0,6,2,3,13,0,0
801,2,2,50,16,3.5,4,16,3.5,4,9,13,22,20,14,21,27,6,16,2,13,12,0
802,2,3,51,23,2.9,1,23,2.9,1,9,11,20,25,17,0,0,11,17,16,0,0,0
803,2,1,58,7,3.7,1,7,3.7,1,9,13,27,15,23,16,25,14,13,15,17,8,0
804,2,0,35,10,3.5,2,10,3.5,2,11,8,19,16,14,18,23,12,5,15,11,9,0
805,2,2,51,34,2.9,1,34,2.9,1,7,8,25,20,14,0,0,14,8,2,0,0,0
806,2,4,47,4,3.7,5,4,3.7,5,9,8,25,15,23,14,26,13,6,9,11,16,0
807,2,1,24,21,3.4,2,21,3.4,2,11,13,25,22,24,19,0,4,10,14,12,0,0
808,2,4,59,29,3.2,3,29,3.2,3,13,11,14,24,16,0,0,10,15,1,0,0,0
809,2,0,58,33,2.9,4,33,2.9,4,11,10,20,25,19,0,0,2,11,7,0,0,0
810,2,1,43,30,3,6,30,3,6,11,12,24,14,19,0,0,12,5,8,0,0,0
811,2,0,22,5,3.5,5,5,3.5,5,9,10,25,26,23,24,17,10,6,17,2,4,0
812,2,1,53,18,3.2,3,18,3.2,3,11,13,23,20,26,18,0,2,1,14,4,0,0
813,2,2,59,28,3.1,2,28,3.1,2,7,10,27,17,16,0,0,9,5,4,0,0,0
814,2,2,52,12,3.4,1,12,3.4,1,11,13,25,19,18,26,0,14,6,4,1,0,0
815,2,5,50,31,3.1,5,31,3.1,5,13,7,27,24,19,0,0,5,12,4,0,0,0
816,2,5,46,22,3.2,6,22,3.2,6,9,13,16,25,24,0,0,16,4,6,0,0,0
817,2,3,54,6,3.5,1,6,3.5,1,7,9,23,20,21,19,14,12,3,6,16,11,0
818,2,3,58,3,3.7,4,3,3.7,4,13,11,20,19,22,15,14,9,10,15,11,8,0
819,2,1,28,22,3.5,6,22,3.5,6,7,12,27,21,16,22,0,8,15,11,4,0,0
820,2,4,45,39,3.1,4,39,3.1,4,10,7,20,19,25,0,0,10,6,9,0,0,0
821,2,2,31,23,2.6,4,23,2.6,4,10,12,17,22,0,0,0,11,13,0,0,0,0
822,2,1,59,16,3.4,1,16,3.4,1,9,12,23,18,24,22,0,10,17,4,9,0,0
823,2,0,53,35,3.3,5,35,3.3,5,13,9,15,27,19,0,0,6,4,11,0,0,0
824,2,1,36,14,3.6,1,14,3.6,1,7,11,24,22,27,21,16,10,12,7,16,4,0
825,2,2,22,23,3.4,6,23,3.4,6,7,8,23,25,15,21,0,10,7,15,17,0,0
826,2,2,45,25,3.2,2,25,3.2,2,11,7,21,24,27,0,0,15,17,2,0,0,0
827,2,4,49,34,3,4,34,3,4,9,12,27,18,0,0,0,17,11,0,0,0,0
828,2,2,52,6,3.7,4,6,3.7,4,12,8,16,24,22,14,25,7,3,8,10,2,0
829,2,3,47,14,3.4,1,14,3.4,1,12,11,23,21,22,19,0,12,9,6,7,0,0
830,2,3,61,14,3.6,4,14,3.6,4,8,9,14,27,18,17,16,8,17,6,10,11,0
831,2,4,31,9,3.7,1,9,3.7,1,10,7,21,24,25,23,16,5,4,2,8,6,0
832,2,5,54,23,3.3,1,23,3.3,1,12,7,22,19,16,21,0,3,13,2,16,0,0
833,2,2,59,10,3.3,3,10,3.3,3,7,8,22,18,21,26,0,2,7,16,1,0,0
834,2,4,28,20,3.2,3,20,3.2,3,10,8,19,27,16,25,0,6,12,9,7,0,0
835,2,1,51,49,2.7,2,49,2.7,2,10,8,17,22,0,0,0,8,9,0,0,0,0
836,2,0,64,39,3.3,1,39,3.3,1,7,13,22,26,18,0,0,15,12,8,0,0,0
837,2,2,31,23,3.2,2,23,3.2,2,13,12,20,18,23,16,0,13,4,8,16,0,0
838,2,1,33,41,2.7,6,41,2.7,6,12,11,20,14,0,0,0,7,13,0,0,0,0
839,2,0,32,8,3.5,3,8,3.5,3,8,12,27,19,17,23,16,7,2,17,8,11,0
840,2,1,32,5,3.7,1,5,3.7,1,7,13,18,17,25,15,24,13,3,8,9,17,0
841,2,2,63,32,2.7,4,32,2.7,4,13,7,21,16,0,0,0,15,2,0,0,0,0
842,2,2,51,13,3.2,2,13,3.2,2,7,13,27,24,25,20,0,4,1,16,13,0,0
843,2,1,24,15,3.3,5,15,3.3,5,9,10,19,27,17,21,0,11,15,10,3,0,0
844,2,4,29,17,3.6,3,17,3.6,3,7,12,25,18,17,27,19,2,9,16,4,7,0
845,2,0,39,47,2.7,2,47,2.7,2,12,13,24,19,0,0,0,5,13,0,0,0,0
846,2,1,24,13,3.3,2,13,3.3,2,9,8,16,15,27,18,0,7,15,6,4,0,0
847,2,3,36,23,2.9,3,23,2.9,3,10,12,24,27,19,0,0,10,5,4,0,0,0
848,2,0,62,20,3.2,5,20,3.2,5,10,11,16,18,17,0,0,4,2,3,0,0,0
849,2,2,60,20,2.7,6,20,2.7,6,10,11,22,25,0,0,0,8,15,0,0,0,0
850,2,2,47,10,3.2,2,10,3.2,2,9,8,21,26,20,24,0,14,5,12,7,0,0
851,2,0,32,3,3.7,1,3,3.7,1,8,13,17,22,23,14,26,15,5,9,3,6,0
852,2,2,53,26,3.1,5,26,3.1,5,8,9,25,22,0,0,0,2,14,0,0,0,0
853,2,2,28,20,3.3,5,20,3.3,5,8,13,21,18,20,0,0,16,6,3,0,0,0
854,2,1,49,43,2.6,5,43,2.6,5,8,7,26,19,0,0,0,16,3,0,0,0,0
855,2,0,52,17,3.5,4,17,3.5,4,13,7,26,19,17,20,0,6,5,7,10,0,0
856,2,4,45,22,3.5,6,22,3.5,6,8,9,23,24,26,17,0,8,9,2,16,0,0
857,2,2,40,25,2.7,4,25,2.7,4,7,12,14,18,0,0,0,5,7,0,0,0,0
858,2,4,61,21,3.3,5,21,3.3,5,10,7,22,24,16,0,0,4,7,5,0,0,0
859,2,3,43,21,3.3,1,21,3.3,1,13,12,27,15,19,0,0,1,8,14,0,0,0
860,2,2,33,45,2.8,6,45,2.8,6,12,11,24,25,0,0,0,12,13,0,0,0,0
861,2,3,29,8,3.6,3,8,3.6,3,12,9,17,20,14,26,16,13,8,9,12,17,0
862,2,1,45,17,3.4,4,17,3.4,4,7,11,26,20,22,18,0,7,6,1,14,0,0
863,2,2,26,11,3.5,3,11,3.5,3,8,9,20,15,24,19,0,3,12,14,17,0,0
864,2,0,55,39,3.1,2,39,3.1,2,11,10,21,15,0,0,0,17,7,0,0,0,0
865,2,1,40,11,3.5,4,11,3.5,4,8,10,24,18,20,15,17,11,9,3,13,17,0
866,2,0,53,37,2.9,3,37,2.9,3,10,8,18,24,25,0,0,11,15,13,0,0,0
867,2,2,38,10,3.5,4,10,3.5,4,10,11,24,25,14,20,21,13,15,16,3,10,0
868,2,1,63,22,2.6,5,22,2.6,5,11,9,18,19,0,0,0,7,2,0,0,0,0
869,2,1,53,10,3.5,3,10,3.5,3,11,9,27,15,20,25,0,3,17,14,12,0,0
870,2,5,37,40,2.9,3,40,2.9,3,12,7,20,19,0,0,0,7,13,0,0,0,0
871,2,5,26,15,3.4,1,15,3.4,1,9,11,26,23,27,14,0,9,3,4,15,0,0
872,2,2,46,30,2.7,5,30,2.7,5,8,10,26,24,0,0,0,4,16,0,0,0,0
873,2,0,55,10,3.6,1,10,3.6,1,7,10,25,22,19,18,14,11,16,8,4,14,0
874,2,5,40,32,3.3,2,32,3.3,2,12,10,23,19,22,0,0,17,4,12,0,0,0
875,2,4,44,3,3.5,6,3,3.5,6,9,7,16,21,17,14,24,7,12,15,17,14,0
876,2,5,34,27,3.2,1,27,3.2,1,10,12,26,25,27,0,0,16,4,11,0,0,0
877,2,4,25,38,2.9,3,38,2.9,3,8,11,24,19,0,0,0,3,10,0,0,0,0
878,2,3,55,9,3.6,5,9,3.6,5,10,9,26,20,15,25,27,16,15,17,2,3,0
879,2,1,51,16,3.5,6,16,3.5,6,10,13,27,21,20,16,22,15,5,3,8,9,0
880,2,5,28,31,3.1,3,31,3.1,3,11,7,23,26,25,0,0,1,4,9,0,0,0
881,2,4,30,43,2.8,3,43,2.8,3,13,11,24,16,0,0,0,6,9,0,0,0,0
882,2,2,24,17,3.5,5,17,3.5,5,7,10,18,22,23,26,15,6,4,16,2,14,0
883,2,5,62,13,3.5,2,13,3.5,2,7,12,16,15,19,14,26,12,4,9,1,16,0
884,2,4,57,27,3.2,5,27,3.2,5,8,7,24,20,27,0,0,1,3,5,0,0,0
885,2,2,31,17,3.6,2,17,3.6,2,7,12,18,14,21,23,22,9,4,8,1,12,0
886,2,1,28,29,3.4,3,29,3.4,3,12,8,19,23,21,15,0,5,6,12,8,0,0
887,2,4,44,11,3.7,5,11,3.7,5,13,7,26,27,23,19,18,7,2,9,12,16,0
888,2,3,51,20,3.4,6,20,3.4,6,9,11,19,22,26,17,0,13,7,15,9,0,0
889,2,0,29,1,3.6,3,1,3.6,3,13,10,24,23,22,17,20,3,17,12,2,10,0
890,2,0,34,17,3.2,2,17,3.2,2,9,13,14,25,27,21,0,8,16,17,2,0,0
891,2,3,50,38,2.8,1,38,2.8,1,8,12,22,24,0,0,0,8,3,0,0,0,0
892,2,5,47,6,3.5,2,6,3.5,2,12,8,23,14,25,19,17,3,8,6,17,11,0
893,2,2,62,11,3.7,6,11,3.7,6,7,9,15,19,23,18,27,3,17,2,7,5,0
894,2,0,36,34,3.2,3,34,3.2,3,13,10,18,16,24,0,0,5,7,8,0,0,0
895,2,4,37,6,3.7,4,6,3.7,4,13,7,20,26,16,25,24,15,9,11,12,10,0
896,2,3,62,49,3.1,1,49,3.1,1,12,9,22,16,0,0,0,6,11,0,0,0,0
897,2,3,47,3,3.5,2,3,3.5,2,7,13,20,26,24,23,17,16,5,15,9,10,0
898,2,3,58,18,3.4,3,18,3.4,3,8,13,22,20,26,27,0,13,3,15,4,0,0
899,2,0,44,27,3.3,3,27,3.3,3,12,7,15,18,24,14,0,3,4,11,17,0,0
900,2,3,59,12,3.2,6,12,3.2,6,11,13,27,16,18,14,0,15,11,4,6,0,0
901,2,2,49,24,3,6,24,3,6,12,11,25,16,21,0,0,9,10,7,0,0,0
902,2,1,37,41,2.6,4,41,2.6,4,9,12,16,19,0,0,0,16,2,0,0,0,0
903,2,2,41,3,3.5,2,3,3.5,2,9,13,20,22,15,27,21,7,10,14,3,11,0
904,2,1,37,1,3.6,3,1,3.6,3,13,11,23,16,27,15,20,15,1,14,9,2,0
905,2,2,26,39,3.1,3,39,3.1,3,7,9,26,21,0,0,0,1,17,0,0,0,0
906,2,5,57,3,3.5,1,3,3.5,1,9,10,21,27,24,19,16,16,13,14,11,10,0
907,2,2,23,29,2.8,4,29,2.8,4,11,9,22,19,0,0,0,13,6,0,0,0,0
908,2,3,64,16,3.2,1,16,3.2,1,9,13,24,18,22,16,0,1,15,5,3,0,0
909,2,5,46,10,3.6,6,10,3.6,6,12,10,21,20,27,22,15,8,11,15,4,12,0
910,2,3,61,9,3.6,5,9,3.6,5,13,7,16,23,20,17,22,5,11,4,13,10,0
911,2,2,54,36,3,6,36,3,6,7,11,27,20,19,0,0,2,8,14,0,0,0
912,2,1,36,34,3,5,34,3,5,12,10,16,14,20,0,0,1,11,2,0,0,0
913,2,5,63,11,3.6,5,11,3.6,5,11,10,24,14,15,26,25,9,13,11,3,15,0
914,2,5,42,20,3.4,5,20,3.4,5,7,12,19,24,25,21,0,15,3,10,9,0,0
915,2,5,24,47,2.8,1,47,2.8,1,8,12,22,24,0,0,0,5,15,0,0,0,0
916,2,0,26,28,3.1,6,28,3.1,6,12,13,20,27,25,0,0,3,4,11,0,0,0
917,2,0,55,23,2.9,6,23,2.9,6,13,9,21,16,23,0,0,7,4,12,0,0,0
918,2,5,25,14,3.2,1,14,3.2,1,7,8,18,27,15,14,0,10,14,3,4,0,0
919,2,3,49,14,3.6,4,14,3.6,4,8,11,16,22,15,20,26,6,5,17,7,3,0
920,2,3,28,49,2.7,4,49,2.7,4,9,7,27,24,0,0,0,6,4,0,0,0,0
921,2,0,41,13,3.6,4,13,3.6,4,11,13,15,16,26,14,23,13,7,16,9,12,0
922,2,0,53,33,3.1,1,33,3.1,1,7,10,18,22,0,0,0,1,2,0,0,0,0
923,2,4,25,16,3.7,5,16,3.7,5,8,13,26,19,14,15,17,9,3,2,16,5,0
924,2,3,52,19,3.3,2,19,3.3,2,12,7,27,24,15,26,0,2,5,17,7,0,0
925,2,5,42,37,3.3,1,37,3.3,1,9,10,21,19,16,0,0,4,17,12,0,0,0
926,2,3,55,41,2.6,1,41,2.6,1,8,12,14,20,0,0,0,2,15,0,0,0,0
927,2,0,56,40,2.8,5,40,2.8,5,12,7,16,25,0,0,0,6,2,0,0,0,0
928,2,1,61,20,3.3,2,20,3.3,2,13,11,20,17,22,15,0,10,16,4,12,0,0
929,2,3,28,24,3.3,2,24,3.3,2,12,9,22,26,24,23,0,10,7,2,4,0,0
930,2,4,61,4,3.7,4,4,3.7,4,11,9,24,25,19,16,20,2,15,14,11,3,0
931,2,3,42,20,2.8,1,20,2.8,1,8,9,14,26,0,0,0,7,1,0,0,0,0
932,2,4,26,23,3.1,2,23,3.1,2,12,8,23,17,0,0,0,4,8,0,0,0,0
933,2,1,40,22,3,5,22,3,5,11,10,22,26,0,0,0,4,10,0,0,0,0
934,2,0,56,11,3.5,6,11,3.5,6,12,8,27,19,20,25,21,15,2,14,5,11,0
935,2,2,40,24,3.2,5,24,3.2,5,9,12,20,15,18,17,0,2,10,14,17,0,0
936,2,3,60,27,3,3,27,3,3,13,7,24,16,26,0,0,3,8,17,0,0,0
937,2,4,56,30,3,2,30,3,2,12,8,25,23,22,0,0,6,4,11,0,0,0
938,2,4,50,49,2.9,1,49,2.9,1,8,7,21,24,0,0,0,1,8,0,0,0,0
939,2,1,34,30,3,1,30,3,1,10,12,23,17,21,0,0,7,10,12,0,0,0
940,2,5,61,13,3.7,4,13,3.7,4,10,9,18,17,25,20,24,16,9,5,4,3,0
941,2,3,55,20,3.3,3,20,3.3,3,7,8,22,24,20,16,0,3,2,13,4,0,0
942,2,0,64,31,3.2,6,31,3.2,6,8,13,17,27,21,0,0,8,9,13,0,0,0
943,2,0,53,6,3.5,6,6,3.5,6,9,7,26,21,18,25,27,15,14,1,8,3,0
944,2,0,55,11,3.4,4,11,3.4,4,7,11,20,15,25,19,0,10,17,5,13,0,0
945,2,0,35,25,2.7,6,25,2.7,6,11,12,17,22,0,0,0,14,4,0,0,0,0
946,2,5,60,23,2.9,5,23,2.9,5,7,11,18,25,0,0,0,12,1,0,0,0,0
947,2,0,56,25,3.3,1,25,3.3,1,8,11,25,22,26,20,0,14,12,7,2,0,0
948,2,5,49,37,2.7,6,37,2.7,6,8,13,20,27,0,0,0,14,2,0,0,0,0
949,2,0,32,37,2.8,3,37,2.8,3,10,12,24,20,0,0,0,13,11,0,0,0,0
950,2,2,34,6,3.5,6,6,3.5,6,7,12,20,17,27,19,24,9,12,3,10,8,0
951,2,5,51,18,3.5,4,18,3.5,4,7,12,23,25,17,27,18,2,8,12,13,9,0
952,2,5,26,32,3.3,6,32,3.3,6,11,9,14,23,16,0,0,4,17,15,0,0,0
953,2,2,41,35,3.3,1,35,3.3,1,12,8,19,23,26,0,0,10,15,6,0,0,0
954,2,4,48,21,3.5,4,21,3.5,4,9,7,23,14,22,20,0,2,10,1,13,0,0
955,2,0,48,29,2.7,4,29,2.7,4,13,9,14,18,0,0,0,10,11,0,0,0,0
956,2,4,25,46,2.6,3,46,2.6,3,9,12,21,16,0,0,0,9,5,0,0,0,0
957,2,3,24,15,3.4,4,15,3.4,4,13,7,19,23,22,16,0,3,12,9,13,0,0
958,2,2,64,43,2.7,2,43,2.7,2,13,12,23,14,0,0,0,16,11,0,0,0,0
959,2,0,31,22,3.2,6,22,3.2,6,12,7,23,21,17,0,0,3,9,11,0,0,0
960,2,5,39,46,2.6,6,46,2.6,6,10,7,16,22,0,0,0,8,16,0,0,0,0
961,2,2,54,31,2.7,4,31,2.7,4,10,11,17,18,0,0,0,1,12,0,0,0,0
962,2,1,48,16,3.6,6,16,3.6,6,12,8,19,22,27,21,18,17,16,15,5,7,0
963,2,4,50,24,2.9,4,24,2.9,4,9,10,16,20,0,0,0,9,10,0,0,0,0
964,2,3,57,1,3.5,1,1,3.5,1,10,8,26,20,17,22,24,9,5,12,14,15,0
965,2,2,40,37,2.9,3,37,2.9,3,8,12,24,25,0,0,0,11,7,0,0,0,0
966,2,1,60,14,3.7,3,14,3.7,3,7,9,21,14,26,18,24,17,5,8,6,1,0
967,2,1,46,13,3.6,2,13,3.6,2,8,7,21,17,20,22,14,5,2,14,6,17,0
968,2,5,28,24,3.2,1,24,3.2,1,8,12,24,23,22,20,0,14,11,3,6,0,0
969,2,2,30,38,3.1,5,38,3.1,5,9,12,24,16,0,0,0,11,8,0,0,0,0
970,2,3,64,28,2.9,3,28,2.9,3,10,13,19,20,25,0,0,16,5,17,0,0,0
971,2,4,22,26,3.3,4,26,3.3,4,10,11,19,26,20,18,0,13,9,16,10,0,0
972,2,3,40,29,3.5,2,29,3.5,2,12,7,23,16,26,19,0,4,8,9,1,0,0
973,2,5,52,16,3.4,3,16,3.4,3,7,11,15,23,27,16,0,15,17,4,8,0,0
974,2,0,61,29,3.4,6,29,3.4,6,8,10,24,19,15,18,0,5,16,2,10,0,0
975,2,5,37,5,3.6,2,5,3.6,2,7,12,21,26,14,15,25,14,16,3,4,9,0
976,2,0,49,44,3.1,4,44,3.1,4,11,12,16,21,0,0,0,9,11,0,0,0,0
977,2,5,34,45,2.8,2,45,2.8,2,10,13,20,26,0,0,0,9,7,0,0,0,0
978,2,1,48,33,3.1,1,33,3.1,1,7,9,14,15,27,0,0,9,12,3,0,0,0
979,2,1,51,16,3.2,1,16,3.2,1,7,13,17,18,25,24,0,11,7,16,5,0,0
980,2,4,22,16,3.4,3,16,3.4,3,9,13,16,25,27,26,0,7,2,5,6,0,0
981,2,2,54,21,3.4,6,21,3.4,6,13,11,18,23,21,22,0,15,3,6,4,0,0
982,2,5,44,27,2.9,5,27,2.9,5,12,10,23,27,20,0,0,16,1,11,0,0,0
983,2,2,62,20,3.2,1,20,3.2,1,11,7,21,16,23,18,0,12,5,2,14,0,0
984,2,2,50,4,3.7,3,4,3.7,3,9,12,25,21,19,18,23,11,7,14,4,17,0
985,2,4,58,33,2.9,6,33,2.9,6,12,13,21,17,0,0,0,4,6,0,0,0,0
986,2,1,29,11,3.7,3,11,3.7,3,12,8,14,21,18,16,24,10,4,17,15,8,0
987,2,4,49,19,3.2,2,19,3.2,2,8,10,22,15,18,27,0,15,4,14,11,0,0
988,2,0,29,26,3.1,6,26,3.1,6,7,11,18,24,23,0,0,10,15,16,0,0,0
989,2,1,51,12,3.5,5,12,3.5,5,13,9,25,15,26,21,0,1,12,17,2,0,0
990,2,2,46,20,3,1,20,3,1,8,12,23,17,21,0,0,15,2,8,0,0,0
991,2,3,35,39,3.2,3,39,3.2,3,12,9,26,22,27,0,0,2,9,1,0,0,0
992,2,4,22,9,3.5,2,9,3.5,2,10,13,23,15,26,19,17,6,12,4,2,9,0
993,2,3,42,11,3.4,3,11,3.4,3,13,10,17,18,22,20,0,3,14,16,15,0,0
994,2,1,61,34,3.1,6,34,3.1,6,11,10,14,18,20,0,0,2,6,9,0,0,0
995,2,0,61,24,3.3,4,24,3.3,4,11,13,20,21,26,0,0,2,7,6,0,0,0
996,2,4,40,39,3,1,39,3,1,7,11,22,26,16,0,0,6,10,2,0,0,0
997,2,2,25,25,3,4,25,3,4,8,12,27,26,15,0,0,7,2,3,0,0,0
998,2,2,46,37,3,6,37,3,6,8,10,15,24,21,0,0,1,3,9,0,0,0
999,2,1,42,33,3.1,2,33,3.1,2,13,10,17,19,16,0,0,16,4,13,0,0,0
